county,fips_county,dcedregion,Lat,Long_,year,month,JH_cases,Labor_Force,Employed,Unemployed,Unemployment_Rate
Adams,42001,3: SC Pa.,39.87140411,-77.21610347,2020,Jan,0,"54,600","52,500","2,100",3.90%
Allegheny,42003,5: SW Pa.,40.46809875,-79.98167747,2020,Jan,0,"650,900","620,000","30,900",4.70%
Armstrong,42005,5: SW Pa.,40.81665618,-79.46290811,2020,Jan,0,"32,800","30,400","2,400",7.30%
Beaver,42007,5: SW Pa.,40.6825484,-80.34921611,2020,Jan,0,"84,700","79,900","4,800",5.60%
Bedford,42009,4: Cent Pa.,40.00522157,-78.48998442,2020,Jan,0,"23,800","22,200","1,600",6.50%
Berks,42011,2: NE Pa.,40.41570541,-75.92457766,2020,Jan,0,"216,800","206,000","10,900",5.00%
Blair,42013,4: Cent Pa.,40.47961444,-78.34917412,2020,Jan,0,"59,600","56,400","3,200",5.40%
Bradford,42015,2: NE Pa.,41.78869215,-76.51570822,2020,Jan,0,"28,900","27,300","1,600",5.60%
Bucks,42017,1: SE Pa.,40.33682119,-75.10836643,2020,Jan,0,"346,300","330,900","15,300",4.40%
Butler,42019,5: SW Pa.,40.91152759,-79.91351055,2020,Jan,0,"100,400","95,500","4,900",4.90%
Cambria,42021,4: Cent Pa.,40.49527404,-78.71377428,2020,Jan,0,"58,200","54,400","3,800",6.50%
Cameron,42023,6: NW Pa.,41.43625568,-78.20376845,2020,Jan,0,"2,000","1,900",200,8.20%
Carbon,42025,2: NE Pa.,40.91545395,-75.7068525,2020,Jan,0,"32,500","30,500","2,000",6.10%
Centre,42027,4: Cent Pa.,40.92058903,-77.82200624,2020,Jan,0,"81,800","78,700","3,100",3.80%
Chester,42029,1: SE Pa.,39.97291773,-75.74768357,2020,Jan,0,"284,700","274,600","10,100",3.50%
Clarion,42031,6: NW Pa.,41.19265812,-79.42413524,2020,Jan,0,"17,000","15,900","1,200",6.90%
Clearfield,42033,6: NW Pa.,41.00110782,-78.47592663,2020,Jan,0,"36,700","34,100","2,600",7.20%
Clinton,42035,4: Cent Pa.,41.23255967,-77.63785995,2020,Jan,0,"18,300","17,000","1,300",6.90%
Columbia,42037,2: NE Pa.,41.04821986,-76.40565017,2020,Jan,0,"33,500","31,400","2,100",6.20%
Crawford,42039,6: NW Pa.,41.68447709,-80.10760592,2020,Jan,0,"38,400","36,100","2,300",6.00%
Cumberland,42041,3: SC Pa.,40.1625372,-77.26130755,2020,Jan,0,"133,200","128,100","5,000",3.80%
Dauphin,42043,3: SC Pa.,40.41377078,-76.77993242,2020,Jan,0,"145,700","139,200","6,500",4.50%
Delaware,42045,1: SE Pa.,39.91680171,-75.40243663,2020,Jan,0,"301,000","287,600","13,400",4.40%
Elk,42047,6: NW Pa.,41.42822061,-78.64524744,2020,Jan,0,"15,600","14,500","1,100",6.90%
Erie,42049,6: NW Pa.,41.99253829,-80.03301954,2020,Jan,0,"129,000","121,500","7,500",5.80%
Fayette,42051,5: SW Pa.,39.92041012,-79.64291195,2020,Jan,0,"58,200","53,500","4,700",8.00%
Forest,42053,6: NW Pa.,41.51095103,-79.23229292,2020,Jan,0,"1,800","1,600",200,9.60%
Franklin,42055,3: SC Pa.,39.92956518,-77.72157791,2020,Jan,0,"78,800","75,300","3,500",4.40%
Fulton,42057,4: Cent Pa.,39.92913544,-78.11163677,2020,Jan,0,"8,200","7,600",500,6.40%
Greene,42059,5: SW Pa.,39.85746531,-80.22357106,2020,Jan,0,"16,800","15,700","1,100",6.60%
Huntingdon,42061,4: Cent Pa.,40.42162652,-77.97673273,2020,Jan,0,"19,900","18,200","1,700",8.40%
Indiana,42063,5: SW Pa.,40.65241041,-79.08963285,2020,Jan,0,"38,800","36,200","2,600",6.70%
Jefferson,42065,6: NW Pa.,41.12913106,-78.9986361,2020,Jan,0,"20,700","19,400","1,300",6.50%
Juniata,42067,4: Cent Pa.,40.53358749,-77.3997513,2020,Jan,0,"12,700","12,000",700,5.50%
Lackawanna,42069,2: NE Pa.,41.43564672,-75.60379201,2020,Jan,0,"105,600","99,500","6,100",5.70%
Lancaster,42071,3: SC Pa.,40.03904563,-76.24770128,2020,Jan,0,"284,400","273,100","11,300",4.00%
Lawrence,42073,5: SW Pa.,40.99206278,-80.33393706,2020,Jan,0,"40,900","37,900","3,000",7.40%
Lebanon,42075,3: SC Pa.,40.36680311,-76.45651841,2020,Jan,0,"72,400","69,100","3,300",4.50%
Lehigh,42077,2: NE Pa.,40.6154815,-75.59435245,2020,Jan,0,"194,200","184,700","9,600",4.90%
Luzerne,42079,2: NE Pa.,41.17823008,-75.98447579,2020,Jan,0,"158,600","147,900","10,700",6.70%
Lycoming,42081,4: Cent Pa.,41.34310539,-77.06629984,2020,Jan,0,"57,600","54,200","3,500",6.00%
McKean,42083,6: NW Pa.,41.80938602,-78.56478358,2020,Jan,0,"17,400","16,200","1,200",7.10%
Mercer,42085,6: NW Pa.,41.30248872,-80.25816981,2020,Jan,0,"48,600","45,700","2,900",6.00%
Mifflin,42087,4: Cent Pa.,40.61116939,-77.61070738,2020,Jan,0,"21,200","20,000","1,200",5.70%
Monroe,42089,2: NE Pa.,41.05934058,-75.34031025,2020,Jan,0,"84,600","79,300","5,300",6.30%
Montgomery,42091,1: SE Pa.,40.21053671,-75.36652296,2020,Jan,0,"457,000","439,200","17,800",3.90%
Montour,42093,4: Cent Pa.,41.03023987,-76.66345939,2020,Jan,0,"9,000","8,600",400,4.30%
Northampton,42095,2: NE Pa.,40.75182733,-75.30471829,2020,Jan,0,"162,900","154,600","8,300",5.10%
Northumberland,42097,4: Cent Pa.,40.84785433,-76.70798222,2020,Jan,0,"42,300","39,300","3,000",7.00%
Perry,42099,3: SC Pa.,40.40206612,-77.26297447,2020,Jan,0,"24,700","23,500","1,100",4.60%
Philadelphia,42101,1: SE Pa.,40.00338507,-75.1379271,2020,Jan,0,"733,900","690,100","43,900",6.00%
Pike,42103,2: NE Pa.,41.33155042,-75.03208106,2020,Jan,0,"25,500","23,800","1,700",6.70%
Potter,42105,6: NW Pa.,41.74471626,-77.89559864,2020,Jan,0,"7,300","6,600",700,9.20%
Schuylkill,42107,2: NE Pa.,40.70497338,-76.2150785,2020,Jan,0,"67,000","62,900","4,100",6.10%
Snyder,42109,4: Cent Pa.,40.77129231,-77.06840691,2020,Jan,0,"19,900","18,700","1,200",6.10%
Somerset,42111,4: Cent Pa.,39.97172723,-79.02699593,2020,Jan,0,"34,400","31,900","2,400",7.10%
Sullivan,42113,2: NE Pa.,41.44634738,-76.51246591,2020,Jan,0,"2,600","2,400",200,7.60%
Susquehanna,42115,2: NE Pa.,41.82147784,-75.80071959,2020,Jan,0,"20,600","19,300","1,200",5.90%
Tioga,42117,2: NE Pa.,41.77255149,-77.25433032,2020,Jan,0,"19,100","17,800","1,300",6.90%
Union,42119,4: Cent Pa.,40.96188846,-77.05996014,2020,Jan,0,"19,400","18,500",900,4.70%
Venango,42121,6: NW Pa.,41.40323442,-79.75845449,2020,Jan,0,"22,400","20,900","1,400",6.30%
Warren,42123,6: NW Pa.,41.81304978,-79.26969577,2020,Jan,0,"18,900","17,800","1,100",5.70%
Washington,42125,5: SW Pa.,40.19208869,-80.24582867,2020,Jan,0,"107,900","101,900","6,000",5.60%
Wayne,42127,2: NE Pa.,41.64938475,-75.29956506,2020,Jan,0,"22,200","20,700","1,500",6.80%
Westmoreland,42129,5: SW Pa.,40.3137798,-79.46615476,2020,Jan,0,"182,400","172,300","10,200",5.60%
Wyoming,42131,2: NE Pa.,41.51955538,-76.01074915,2020,Jan,0,"13,700","12,800",900,6.40%
York,42133,3: SC Pa.,39.9210089,-76.73040131,2020,Jan,0,"237,800","227,400","10,400",4.40%
Adams,42001,3: SC Pa.,39.87140411,-77.21610347,2020,Feb,0,"55,500","53,400","2,100",3.80%
Allegheny,42003,5: SW Pa.,40.46809875,-79.98167747,2020,Feb,0,"653,900","623,100","30,800",4.70%
Armstrong,42005,5: SW Pa.,40.81665618,-79.46290811,2020,Feb,0,"33,000","30,600","2,400",7.20%
Beaver,42007,5: SW Pa.,40.6825484,-80.34921611,2020,Feb,0,"85,300","80,400","4,900",5.80%
Bedford,42009,4: Cent Pa.,40.00522157,-78.48998442,2020,Feb,0,"23,700","22,100","1,600",6.80%
Berks,42011,2: NE Pa.,40.41570541,-75.92457766,2020,Feb,0,"219,300","208,400","10,900",5.00%
Blair,42013,4: Cent Pa.,40.47961444,-78.34917412,2020,Feb,0,"59,600","56,400","3,200",5.40%
Bradford,42015,2: NE Pa.,41.78869215,-76.51570822,2020,Feb,0,"29,100","27,500","1,600",5.50%
Bucks,42017,1: SE Pa.,40.33682119,-75.10836643,2020,Feb,0,"347,100","331,600","15,500",4.50%
Butler,42019,5: SW Pa.,40.91152759,-79.91351055,2020,Feb,0,"101,000","96,000","5,000",4.90%
Cambria,42021,4: Cent Pa.,40.49527404,-78.71377428,2020,Feb,0,"58,700","55,000","3,800",6.40%
Cameron,42023,6: NW Pa.,41.43625568,-78.20376845,2020,Feb,0,"2,100","1,900",200,7.90%
Carbon,42025,2: NE Pa.,40.91545395,-75.7068525,2020,Feb,0,"32,600","30,500","2,000",6.20%
Centre,42027,4: Cent Pa.,40.92058903,-77.82200624,2020,Feb,0,"82,200","79,100","3,100",3.80%
Chester,42029,1: SE Pa.,39.97291773,-75.74768357,2020,Feb,0,"286,500","276,500","10,000",3.50%
Clarion,42031,6: NW Pa.,41.19265812,-79.42413524,2020,Feb,0,"17,400","16,300","1,100",6.40%
Clearfield,42033,6: NW Pa.,41.00110782,-78.47592663,2020,Feb,0,"36,700","34,200","2,600",7.00%
Clinton,42035,4: Cent Pa.,41.23255967,-77.63785995,2020,Feb,0,"18,600","17,300","1,300",6.80%
Columbia,42037,2: NE Pa.,41.04821986,-76.40565017,2020,Feb,0,"34,300","32,400","1,900",5.60%
Crawford,42039,6: NW Pa.,41.68447709,-80.10760592,2020,Feb,0,"38,600","36,300","2,300",6.00%
Cumberland,42041,3: SC Pa.,40.1625372,-77.26130755,2020,Feb,0,"133,300","128,200","5,100",3.80%
Dauphin,42043,3: SC Pa.,40.41377078,-76.77993242,2020,Feb,0,"145,700","139,200","6,500",4.50%
Delaware,42045,1: SE Pa.,39.91680171,-75.40243663,2020,Feb,0,"304,500","291,200","13,400",4.40%
Elk,42047,6: NW Pa.,41.42822061,-78.64524744,2020,Feb,0,"15,500","14,400","1,000",6.70%
Erie,42049,6: NW Pa.,41.99253829,-80.03301954,2020,Feb,0,"129,900","122,400","7,500",5.80%
Fayette,42051,5: SW Pa.,39.92041012,-79.64291195,2020,Feb,0,"58,400","53,800","4,600",7.80%
Forest,42053,6: NW Pa.,41.51095103,-79.23229292,2020,Feb,0,"1,800","1,600",200,9.50%
Franklin,42055,3: SC Pa.,39.92956518,-77.72157791,2020,Feb,0,"79,300","75,600","3,700",4.70%
Fulton,42057,4: Cent Pa.,39.92913544,-78.11163677,2020,Feb,0,"8,200","7,600",600,7.80%
Greene,42059,5: SW Pa.,39.85746531,-80.22357106,2020,Feb,0,"16,900","15,800","1,100",6.60%
Huntingdon,42061,4: Cent Pa.,40.42162652,-77.97673273,2020,Feb,0,"20,300","18,600","1,700",8.40%
Indiana,42063,5: SW Pa.,40.65241041,-79.08963285,2020,Feb,0,"40,000","37,500","2,500",6.20%
Jefferson,42065,6: NW Pa.,41.12913106,-78.9986361,2020,Feb,0,"20,700","19,400","1,300",6.20%
Juniata,42067,4: Cent Pa.,40.53358749,-77.3997513,2020,Feb,0,"12,700","12,000",700,5.70%
Lackawanna,42069,2: NE Pa.,41.43564672,-75.60379201,2020,Feb,0,"106,000","100,100","5,900",5.60%
Lancaster,42071,3: SC Pa.,40.03904563,-76.24770128,2020,Feb,0,"287,300","276,100","11,200",3.90%
Lawrence,42073,5: SW Pa.,40.99206278,-80.33393706,2020,Feb,0,"41,100","38,000","3,100",7.50%
Lebanon,42075,3: SC Pa.,40.36680311,-76.45651841,2020,Feb,0,"73,300","70,000","3,300",4.50%
Lehigh,42077,2: NE Pa.,40.6154815,-75.59435245,2020,Feb,0,"194,400","184,900","9,500",4.90%
Luzerne,42079,2: NE Pa.,41.17823008,-75.98447579,2020,Feb,0,"159,300","148,700","10,600",6.60%
Lycoming,42081,4: Cent Pa.,41.34310539,-77.06629984,2020,Feb,0,"57,400","53,900","3,500",6.10%
McKean,42083,6: NW Pa.,41.80938602,-78.56478358,2020,Feb,0,"17,500","16,200","1,300",7.30%
Mercer,42085,6: NW Pa.,41.30248872,-80.25816981,2020,Feb,0,"49,000","46,100","2,900",6.00%
Mifflin,42087,4: Cent Pa.,40.61116939,-77.61070738,2020,Feb,0,"21,400","20,200","1,300",5.80%
Monroe,42089,2: NE Pa.,41.05934058,-75.34031025,2020,Feb,0,"84,700","79,500","5,300",6.20%
Montgomery,42091,1: SE Pa.,40.21053671,-75.36652296,2020,Feb,0,"457,700","439,800","17,800",3.90%
Montour,42093,4: Cent Pa.,41.03023987,-76.66345939,2020,Feb,0,"9,300","8,900",400,3.90%
Northampton,42095,2: NE Pa.,40.75182733,-75.30471829,2020,Feb,0,"163,000","154,800","8,200",5.00%
Northumberland,42097,4: Cent Pa.,40.84785433,-76.70798222,2020,Feb,0,"43,000","40,100","2,900",6.70%
Perry,42099,3: SC Pa.,40.40206612,-77.26297447,2020,Feb,0,"24,800","23,600","1,200",4.70%
Philadelphia,42101,1: SE Pa.,40.00338507,-75.1379271,2020,Feb,0,"742,100","698,400","43,600",5.90%
Pike,42103,2: NE Pa.,41.33155042,-75.03208106,2020,Feb,0,"25,500","23,800","1,700",6.70%
Potter,42105,6: NW Pa.,41.74471626,-77.89559864,2020,Feb,0,"7,300","6,600",700,9.00%
Schuylkill,42107,2: NE Pa.,40.70497338,-76.2150785,2020,Feb,0,"66,900","62,800","4,100",6.10%
Snyder,42109,4: Cent Pa.,40.77129231,-77.06840691,2020,Feb,0,"20,500","19,400","1,200",5.70%
Somerset,42111,4: Cent Pa.,39.97172723,-79.02699593,2020,Feb,0,"34,400","32,000","2,400",6.90%
Sullivan,42113,2: NE Pa.,41.44634738,-76.51246591,2020,Feb,0,"2,600","2,400",200,6.90%
Susquehanna,42115,2: NE Pa.,41.82147784,-75.80071959,2020,Feb,0,"20,700","19,500","1,200",6.00%
Tioga,42117,2: NE Pa.,41.77255149,-77.25433032,2020,Feb,0,"19,400","18,000","1,400",7.10%
Union,42119,4: Cent Pa.,40.96188846,-77.05996014,2020,Feb,0,"20,000","19,100",900,4.30%
Venango,42121,6: NW Pa.,41.40323442,-79.75845449,2020,Feb,0,"22,400","20,900","1,500",6.70%
Warren,42123,6: NW Pa.,41.81304978,-79.26969577,2020,Feb,0,"19,000","17,900","1,200",6.10%
Washington,42125,5: SW Pa.,40.19208869,-80.24582867,2020,Feb,0,"108,500","102,400","6,100",5.60%
Wayne,42127,2: NE Pa.,41.64938475,-75.29956506,2020,Feb,0,"22,300","20,700","1,500",6.90%
Westmoreland,42129,5: SW Pa.,40.3137798,-79.46615476,2020,Feb,0,"183,500","173,300","10,300",5.60%
Wyoming,42131,2: NE Pa.,41.51955538,-76.01074915,2020,Feb,0,"13,800","12,900",900,6.20%
York,42133,3: SC Pa.,39.9210089,-76.73040131,2020,Feb,0,"237,600","227,100","10,500",4.40%
Adams,42001,3: SC Pa.,39.87140411,-77.21610347,2020,Mar,9,"54,800","52,500","2,200",4.10%
Allegheny,42003,5: SW Pa.,40.46809875,-79.98167747,2020,Mar,325,"647,300","611,200","36,100",5.60%
Armstrong,42005,5: SW Pa.,40.81665618,-79.46290811,2020,Mar,5,"32,700","30,000","2,600",8.10%
Beaver,42007,5: SW Pa.,40.6825484,-80.34921611,2020,Mar,52,"84,400","78,800","5,600",6.60%
Bedford,42009,4: Cent Pa.,40.00522157,-78.48998442,2020,Mar,2,"23,500","21,900","1,700",7.10%
Berks,42011,2: NE Pa.,40.41570541,-75.92457766,2020,Mar,110,"217,300","204,800","12,500",5.70%
Blair,42013,4: Cent Pa.,40.47961444,-78.34917412,2020,Mar,4,"59,100","55,600","3,600",6.00%
Bradford,42015,2: NE Pa.,41.78869215,-76.51570822,2020,Mar,7,"28,900","27,100","1,800",6.20%
Bucks,42017,1: SE Pa.,40.33682119,-75.10836643,2020,Mar,288,"343,400","325,900","17,500",5.10%
Butler,42019,5: SW Pa.,40.91152759,-79.91351055,2020,Mar,60,"99,800","94,200","5,700",5.70%
Cambria,42021,4: Cent Pa.,40.49527404,-78.71377428,2020,Mar,2,"58,300","53,900","4,400",7.50%
Cameron,42023,6: NW Pa.,41.43625568,-78.20376845,2020,Mar,1,"2,100","1,900",200,9.40%
Carbon,42025,2: NE Pa.,40.91545395,-75.7068525,2020,Mar,17,"32,400","30,000","2,400",7.40%
Centre,42027,4: Cent Pa.,40.92058903,-77.82200624,2020,Mar,26,"80,800","77,300","3,500",4.30%
Chester,42029,1: SE Pa.,39.97291773,-75.74768357,2020,Mar,159,"282,600","271,300","11,300",4.00%
Clarion,42031,6: NW Pa.,41.19265812,-79.42413524,2020,Mar,3,"17,400","16,100","1,300",7.30%
Clearfield,42033,6: NW Pa.,41.00110782,-78.47592663,2020,Mar,4,"36,600","33,800","2,800",7.70%
Clinton,42035,4: Cent Pa.,41.23255967,-77.63785995,2020,Mar,0,"18,500","17,100","1,400",7.80%
Columbia,42037,2: NE Pa.,41.04821986,-76.40565017,2020,Mar,7,"34,100","31,900","2,200",6.50%
Crawford,42039,6: NW Pa.,41.68447709,-80.10760592,2020,Mar,4,"38,500","35,900","2,600",6.70%
Cumberland,42041,3: SC Pa.,40.1625372,-77.26130755,2020,Mar,36,"132,000","126,400","5,600",4.20%
Dauphin,42043,3: SC Pa.,40.41377078,-76.77993242,2020,Mar,45,"144,800","137,300","7,400",5.10%
Delaware,42045,1: SE Pa.,39.91680171,-75.40243663,2020,Mar,338,"302,200","286,900","15,300",5.10%
Elk,42047,6: NW Pa.,41.42822061,-78.64524744,2020,Mar,0,"15,600","14,400","1,200",7.90%
Erie,42049,6: NW Pa.,41.99253829,-80.03301954,2020,Mar,14,"128,600","120,000","8,600",6.70%
Fayette,42051,5: SW Pa.,39.92041012,-79.64291195,2020,Mar,14,"58,100","52,800","5,300",9.10%
Forest,42053,6: NW Pa.,41.51095103,-79.23229292,2020,Mar,0,"1,800","1,600",200,10.00%
Franklin,42055,3: SC Pa.,39.92956518,-77.72157791,2020,Mar,19,"78,200","74,100","4,100",5.30%
Fulton,42057,4: Cent Pa.,39.92913544,-78.11163677,2020,Mar,0,"8,000","7,400",600,7.10%
Greene,42059,5: SW Pa.,39.85746531,-80.22357106,2020,Mar,9,"16,900","15,600","1,300",7.80%
Huntingdon,42061,4: Cent Pa.,40.42162652,-77.97673273,2020,Mar,1,"20,300","18,400","1,800",9.10%
Indiana,42063,5: SW Pa.,40.65241041,-79.08963285,2020,Mar,6,"39,600","36,900","2,800",7.00%
Jefferson,42065,6: NW Pa.,41.12913106,-78.9986361,2020,Mar,0,"20,700","19,200","1,400",6.80%
Juniata,42067,4: Cent Pa.,40.53358749,-77.3997513,2020,Mar,3,"12,700","11,900",800,6.20%
Lackawanna,42069,2: NE Pa.,41.43564672,-75.60379201,2020,Mar,78,"105,800","98,900","6,900",6.50%
Lancaster,42071,3: SC Pa.,40.03904563,-76.24770128,2020,Mar,123,"283,200","270,900","12,300",4.30%
Lawrence,42073,5: SW Pa.,40.99206278,-80.33393706,2020,Mar,13,"41,200","37,600","3,600",8.70%
Lebanon,42075,3: SC Pa.,40.36680311,-76.45651841,2020,Mar,28,"72,400","68,800","3,600",5.00%
Lehigh,42077,2: NE Pa.,40.6154815,-75.59435245,2020,Mar,272,"193,200","181,800","11,400",5.90%
Luzerne,42079,2: NE Pa.,41.17823008,-75.98447579,2020,Mar,212,"159,200","146,900","12,300",7.70%
Lycoming,42081,4: Cent Pa.,41.34310539,-77.06629984,2020,Mar,6,"56,900","52,800","4,100",7.20%
McKean,42083,6: NW Pa.,41.80938602,-78.56478358,2020,Mar,1,"17,500","16,000","1,500",8.40%
Mercer,42085,6: NW Pa.,41.30248872,-80.25816981,2020,Mar,8,"48,400","45,100","3,300",6.80%
Mifflin,42087,4: Cent Pa.,40.61116939,-77.61070738,2020,Mar,2,"21,300","19,900","1,400",6.60%
Monroe,42089,2: NE Pa.,41.05934058,-75.34031025,2020,Mar,236,"83,500","77,500","6,000",7.20%
Montgomery,42091,1: SE Pa.,40.21053671,-75.36652296,2020,Mar,570,"452,900","432,400","20,500",4.50%
Montour,42093,4: Cent Pa.,41.03023987,-76.66345939,2020,Mar,9,"9,200","8,800",400,4.90%
Northampton,42095,2: NE Pa.,40.75182733,-75.30471829,2020,Mar,245,"161,700","152,300","9,400",5.80%
Northumberland,42097,4: Cent Pa.,40.84785433,-76.70798222,2020,Mar,1,"43,100","39,700","3,400",7.90%
Perry,42099,3: SC Pa.,40.40206612,-77.26297447,2020,Mar,1,"24,500","23,300","1,200",4.90%
Philadelphia,42101,1: SE Pa.,40.00338507,-75.1379271,2020,Mar,"1,315","736,500","685,200","51,300",7.00%
Pike,42103,2: NE Pa.,41.33155042,-75.03208106,2020,Mar,48,"25,100","23,100","2,000",7.90%
Potter,42105,6: NW Pa.,41.74471626,-77.89559864,2020,Mar,2,"7,300","6,600",700,10.10%
Schuylkill,42107,2: NE Pa.,40.70497338,-76.2150785,2020,Mar,38,"66,700","62,100","4,600",6.90%
Snyder,42109,4: Cent Pa.,40.77129231,-77.06840691,2020,Mar,2,"20,500","19,100","1,300",6.50%
Somerset,42111,4: Cent Pa.,39.97172723,-79.02699593,2020,Mar,2,"34,100","31,400","2,700",8.00%
Sullivan,42113,2: NE Pa.,41.44634738,-76.51246591,2020,Mar,0,"2,600","2,400",200,8.00%
Susquehanna,42115,2: NE Pa.,41.82147784,-75.80071959,2020,Mar,1,"20,500","19,100","1,400",6.70%
Tioga,42117,2: NE Pa.,41.77255149,-77.25433032,2020,Mar,2,"19,400","17,800","1,600",8.20%
Union,42119,4: Cent Pa.,40.96188846,-77.05996014,2020,Mar,4,"20,000","19,000","1,000",5.00%
Venango,42121,6: NW Pa.,41.40323442,-79.75845449,2020,Mar,3,"22,400","20,700","1,700",7.50%
Warren,42123,6: NW Pa.,41.81304978,-79.26969577,2020,Mar,1,"19,000","17,700","1,300",7.00%
Washington,42125,5: SW Pa.,40.19208869,-80.24582867,2020,Mar,33,"107,500","100,400","7,100",6.60%
Wayne,42127,2: NE Pa.,41.64938475,-75.29956506,2020,Mar,10,"22,100","20,400","1,700",7.80%
Westmoreland,42129,5: SW Pa.,40.3137798,-79.46615476,2020,Mar,61,"181,400","169,800","11,600",6.40%
Wyoming,42131,2: NE Pa.,41.51955538,-76.01074915,2020,Mar,0,"13,700","12,700","1,000",7.10%
York,42133,3: SC Pa.,39.9210089,-76.73040131,2020,Mar,66,"235,900","224,500","11,400",4.80%
Adams,42001,3: SC Pa.,39.87140411,-77.21610347,2020,Apr,128,"54,600","46,800","7,800",14.40%
Allegheny,42003,5: SW Pa.,40.46809875,-79.98167747,2020,Apr,964,"627,400","528,800","98,600",15.70%
Armstrong,42005,5: SW Pa.,40.81665618,-79.46290811,2020,Apr,46,"31,500","26,000","5,400",17.20%
Beaver,42007,5: SW Pa.,40.6825484,-80.34921611,2020,Apr,353,"83,400","68,200","15,200",18.20%
Bedford,42009,4: Cent Pa.,40.00522157,-78.48998442,2020,Apr,22,"23,400","19,300","4,100",17.60%
Berks,42011,2: NE Pa.,40.41570541,-75.92457766,2020,Apr,"2,588","223,400","186,000","37,400",16.80%
Blair,42013,4: Cent Pa.,40.47961444,-78.34917412,2020,Apr,19,"61,400","51,000","10,400",17.00%
Bradford,42015,2: NE Pa.,41.78869215,-76.51570822,2020,Apr,24,"27,700","24,300","3,400",12.40%
Bucks,42017,1: SE Pa.,40.33682119,-75.10836643,2020,Apr,"2,619","335,700","285,200","50,500",15.00%
Butler,42019,5: SW Pa.,40.91152759,-79.91351055,2020,Apr,118,"96,400","81,600","14,800",15.40%
Cambria,42021,4: Cent Pa.,40.49527404,-78.71377428,2020,Apr,26,"57,600","47,700","10,000",17.30%
Cameron,42023,6: NW Pa.,41.43625568,-78.20376845,2020,Apr,0,"2,200","1,700",500,24.10%
Carbon,42025,2: NE Pa.,40.91545395,-75.7068525,2020,Apr,158,"32,600","26,500","6,000",18.60%
Centre,42027,4: Cent Pa.,40.92058903,-77.82200624,2020,Apr,70,"79,700","72,000","7,800",9.70%
Chester,42029,1: SE Pa.,39.97291773,-75.74768357,2020,Apr,"1,216","269,400","238,200","31,200",11.60%
Clarion,42031,6: NW Pa.,41.19265812,-79.42413524,2020,Apr,20,"17,100","14,300","2,800",16.40%
Clearfield,42033,6: NW Pa.,41.00110782,-78.47592663,2020,Apr,12,"36,700","30,600","6,100",16.60%
Clinton,42035,4: Cent Pa.,41.23255967,-77.63785995,2020,Apr,31,"17,700","15,000","2,700",15.30%
Columbia,42037,2: NE Pa.,41.04821986,-76.40565017,2020,Apr,276,"34,900","29,700","5,200",14.80%
Crawford,42039,6: NW Pa.,41.68447709,-80.10760592,2020,Apr,15,"37,800","31,700","6,100",16.10%
Cumberland,42041,3: SC Pa.,40.1625372,-77.26130755,2020,Apr,307,"130,800","115,200","15,700",12.00%
Dauphin,42043,3: SC Pa.,40.41377078,-76.77993242,2020,Apr,539,"146,300","125,000","21,300",14.50%
Delaware,42045,1: SE Pa.,39.91680171,-75.40243663,2020,Apr,"3,358","296,400","252,900","43,500",14.70%
Elk,42047,6: NW Pa.,41.42822061,-78.64524744,2020,Apr,3,"16,800","12,700","4,100",24.50%
Erie,42049,6: NW Pa.,41.99253829,-80.03301954,2020,Apr,73,"126,100","104,900","21,200",16.80%
Fayette,42051,5: SW Pa.,39.92041012,-79.64291195,2020,Apr,66,"57,100","45,700","11,400",20.00%
Forest,42053,6: NW Pa.,41.51095103,-79.23229292,2020,Apr,7,"1,900","1,500",300,17.60%
Franklin,42055,3: SC Pa.,39.92956518,-77.72157791,2020,Apr,265,"76,600","66,700","9,900",12.90%
Fulton,42057,4: Cent Pa.,39.92913544,-78.11163677,2020,Apr,5,"8,100","6,700","1,400",17.00%
Greene,42059,5: SW Pa.,39.85746531,-80.22357106,2020,Apr,17,"15,600","13,400","2,200",14.30%
Huntingdon,42061,4: Cent Pa.,40.42162652,-77.97673273,2020,Apr,37,"19,800","16,500","3,300",16.90%
Indiana,42063,5: SW Pa.,40.65241041,-79.08963285,2020,Apr,57,"37,800","32,100","5,700",15.10%
Jefferson,42065,6: NW Pa.,41.12913106,-78.9986361,2020,Apr,4,"20,300","17,000","3,300",16.10%
Juniata,42067,4: Cent Pa.,40.53358749,-77.3997513,2020,Apr,80,"12,800","10,600","2,200",17.40%
Lackawanna,42069,2: NE Pa.,41.43564672,-75.60379201,2020,Apr,835,"102,800","85,100","17,700",17.20%
Lancaster,42071,3: SC Pa.,40.03904563,-76.24770128,2020,Apr,"1,642","277,200","236,400","40,800",14.70%
Lawrence,42073,5: SW Pa.,40.99206278,-80.33393706,2020,Apr,52,"40,400","33,100","7,300",18.20%
Lebanon,42075,3: SC Pa.,40.36680311,-76.45651841,2020,Apr,648,"73,800","63,700","10,100",13.70%
Lehigh,42077,2: NE Pa.,40.6154815,-75.59435245,2020,Apr,"2,524","192,200","160,500","31,700",16.50%
Luzerne,42079,2: NE Pa.,41.17823008,-75.98447579,2020,Apr,"1,931","155,200","126,500","28,700",18.50%
Lycoming,42081,4: Cent Pa.,41.34310539,-77.06629984,2020,Apr,62,"52,800","43,900","8,900",16.90%
McKean,42083,6: NW Pa.,41.80938602,-78.56478358,2020,Apr,5,"17,300","14,100","3,200",18.30%
Mercer,42085,6: NW Pa.,41.30248872,-80.25816981,2020,Apr,57,"48,200","39,900","8,300",17.30%
Mifflin,42087,4: Cent Pa.,40.61116939,-77.61070738,2020,Apr,36,"21,100","17,700","3,400",16.00%
Monroe,42089,2: NE Pa.,41.05934058,-75.34031025,2020,Apr,891,"83,100","66,200","16,800",20.30%
Montgomery,42091,1: SE Pa.,40.21053671,-75.36652296,2020,Apr,"3,737","437,700","378,200","59,500",13.60%
Montour,42093,4: Cent Pa.,41.03023987,-76.66345939,2020,Apr,38,"9,200","8,200","1,000",11.00%
Northampton,42095,2: NE Pa.,40.75182733,-75.30471829,2020,Apr,"1,805","159,800","134,400","25,400",15.90%
Northumberland,42097,4: Cent Pa.,40.84785433,-76.70798222,2020,Apr,92,"43,000","35,800","7,200",16.80%
Perry,42099,3: SC Pa.,40.40206612,-77.26297447,2020,Apr,29,"24,400","21,200","3,200",12.90%
Philadelphia,42101,1: SE Pa.,40.00338507,-75.1379271,2020,Apr,"13,153","739,100","613,700","125,400",17.00%
Pike,42103,2: NE Pa.,41.33155042,-75.03208106,2020,Apr,330,"24,900","20,100","4,800",19.10%
Potter,42105,6: NW Pa.,41.74471626,-77.89559864,2020,Apr,2,"7,000","5,900","1,000",15.00%
Schuylkill,42107,2: NE Pa.,40.70497338,-76.2150785,2020,Apr,330,"66,900","56,100","10,800",16.20%
Snyder,42109,4: Cent Pa.,40.77129231,-77.06840691,2020,Apr,31,"20,500","17,000","3,500",16.90%
Somerset,42111,4: Cent Pa.,39.97172723,-79.02699593,2020,Apr,24,"32,500","26,800","5,700",17.60%
Sullivan,42113,2: NE Pa.,41.44634738,-76.51246591,2020,Apr,1,"2,500","2,100",400,14.90%
Susquehanna,42115,2: NE Pa.,41.82147784,-75.80071959,2020,Apr,83,"19,200","16,700","2,500",12.90%
Tioga,42117,2: NE Pa.,41.77255149,-77.25433032,2020,Apr,14,"18,400","15,700","2,700",14.60%
Union,42119,4: Cent Pa.,40.96188846,-77.05996014,2020,Apr,32,"19,200","16,700","2,600",13.40%
Venango,42121,6: NW Pa.,41.40323442,-79.75845449,2020,Apr,4,"21,800","18,500","3,300",15.00%
Warren,42123,6: NW Pa.,41.81304978,-79.26969577,2020,Apr,0,"18,300","15,900","2,400",12.90%
Washington,42125,5: SW Pa.,40.19208869,-80.24582867,2020,Apr,82,"104,700","87,000","17,700",16.90%
Wayne,42127,2: NE Pa.,41.64938475,-75.29956506,2020,Apr,90,"21,600","17,700","3,900",18.20%
Westmoreland,42129,5: SW Pa.,40.3137798,-79.46615476,2020,Apr,330,"177,700","147,100","30,600",17.20%
Wyoming,42131,2: NE Pa.,41.51955538,-76.01074915,2020,Apr,20,"13,000","11,000","2,000",15.50%
York,42133,3: SC Pa.,39.9210089,-76.73040131,2020,Apr,575,"240,200","204,500","35,600",14.80%
Adams,42001,3: SC Pa.,39.87140411,-77.21610347,2020,May,114,"57,600","51,100","6,500",11.40%
Allegheny,42003,5: SW Pa.,40.46809875,-79.98167747,2020,May,622,"640,500","554,600","85,900",13.40%
Armstrong,42005,5: SW Pa.,40.81665618,-79.46290811,2020,May,11,"31,600","27,500","4,100",13.10%
Beaver,42007,5: SW Pa.,40.6825484,-80.34921611,2020,May,185,"84,300","71,600","12,700",15.00%
Bedford,42009,4: Cent Pa.,40.00522157,-78.48998442,2020,May,15,"23,800","20,700","3,100",12.90%
Berks,42011,2: NE Pa.,40.41570541,-75.92457766,2020,May,"1,363","228,600","197,400","31,200",13.60%
Blair,42013,4: Cent Pa.,40.47961444,-78.34917412,2020,May,27,"60,800","52,800","8,000",13.20%
Bradford,42015,2: NE Pa.,41.78869215,-76.51570822,2020,May,15,"28,700","25,800","2,900",10.20%
Bucks,42017,1: SE Pa.,40.33682119,-75.10836643,2020,May,"2,175","340,000","296,400","43,500",12.80%
Butler,42019,5: SW Pa.,40.91152759,-79.91351055,2020,May,52,"97,300","85,800","11,500",11.90%
Cambria,42021,4: Cent Pa.,40.49527404,-78.71377428,2020,May,29,"56,900","49,300","7,600",13.40%
Cameron,42023,6: NW Pa.,41.43625568,-78.20376845,2020,May,1,"2,200","1,800",400,19.70%
Carbon,42025,2: NE Pa.,40.91545395,-75.7068525,2020,May,60,"32,200","27,500","4,600",14.40%
Centre,42027,4: Cent Pa.,40.92058903,-77.82200624,2020,May,57,"80,600","74,000","6,500",8.10%
Chester,42029,1: SE Pa.,39.97291773,-75.74768357,2020,May,"1,354","277,900","250,400","27,500",9.90%
Clarion,42031,6: NW Pa.,41.19265812,-79.42413524,2020,May,4,"17,000","15,100","1,900",11.20%
Clearfield,42033,6: NW Pa.,41.00110782,-78.47592663,2020,May,23,"36,300","31,800","4,500",12.50%
Clinton,42035,4: Cent Pa.,41.23255967,-77.63785995,2020,May,25,"18,000","15,900","2,100",11.50%
Columbia,42037,2: NE Pa.,41.04821986,-76.40565017,2020,May,65,"34,400","30,400","4,000",11.70%
Crawford,42039,6: NW Pa.,41.68447709,-80.10760592,2020,May,10,"38,300","33,400","5,000",13.00%
Cumberland,42041,3: SC Pa.,40.1625372,-77.26130755,2020,May,286,"133,300","119,800","13,500",10.10%
Dauphin,42043,3: SC Pa.,40.41377078,-76.77993242,2020,May,693,"149,200","129,700","19,600",13.10%
Delaware,42045,1: SE Pa.,39.91680171,-75.40243663,2020,May,"2,765","300,500","260,600","39,900",13.30%
Elk,42047,6: NW Pa.,41.42822061,-78.64524744,2020,May,3,"16,400","13,300","3,200",19.30%
Erie,42049,6: NW Pa.,41.99253829,-80.03301954,2020,May,192,"127,300","109,600","17,700",13.90%
Fayette,42051,5: SW Pa.,39.92041012,-79.64291195,2020,May,15,"57,400","48,100","9,300",16.30%
Forest,42053,6: NW Pa.,41.51095103,-79.23229292,2020,May,0,"1,800","1,600",200,13.20%
Franklin,42055,3: SC Pa.,39.92956518,-77.72157791,2020,May,490,"78,600","69,700","8,900",11.30%
Fulton,42057,4: Cent Pa.,39.92913544,-78.11163677,2020,May,10,"8,400","7,100","1,300",15.30%
Greene,42059,5: SW Pa.,39.85746531,-80.22357106,2020,May,1,"16,600","14,500","2,100",12.90%
Huntingdon,42061,4: Cent Pa.,40.42162652,-77.97673273,2020,May,192,"19,900","17,300","2,600",13.20%
Indiana,42063,5: SW Pa.,40.65241041,-79.08963285,2020,May,28,"39,000","34,100","4,900",12.60%
Jefferson,42065,6: NW Pa.,41.12913106,-78.9986361,2020,May,5,"20,400","17,900","2,400",12.00%
Juniata,42067,4: Cent Pa.,40.53358749,-77.3997513,2020,May,12,"12,300","11,200","1,100",8.90%
Lackawanna,42069,2: NE Pa.,41.43564672,-75.60379201,2020,May,634,"102,700","87,600","15,100",14.70%
Lancaster,42071,3: SC Pa.,40.03904563,-76.24770128,2020,May,"1,396","292,800","259,300","33,500",11.40%
Lawrence,42073,5: SW Pa.,40.99206278,-80.33393706,2020,May,15,"40,700","35,000","5,600",13.90%
Lebanon,42075,3: SC Pa.,40.36680311,-76.45651841,2020,May,293,"75,100","66,500","8,600",11.50%
Lehigh,42077,2: NE Pa.,40.6154815,-75.59435245,2020,May,969,"193,700","166,200","27,500",14.20%
Luzerne,42079,2: NE Pa.,41.17823008,-75.98447579,2020,May,593,"155,500","130,300","25,300",16.20%
Lycoming,42081,4: Cent Pa.,41.34310539,-77.06629984,2020,May,96,"52,700","46,000","6,800",12.80%
McKean,42083,6: NW Pa.,41.80938602,-78.56478358,2020,May,6,"17,500","14,900","2,600",14.80%
Mercer,42085,6: NW Pa.,41.30248872,-80.25816981,2020,May,42,"48,000","41,400","6,700",13.90%
Mifflin,42087,4: Cent Pa.,40.61116939,-77.61070738,2020,May,21,"21,100","18,800","2,300",11.00%
Monroe,42089,2: NE Pa.,41.05934058,-75.34031025,2020,May,192,"83,000","67,800","15,200",18.30%
Montgomery,42091,1: SE Pa.,40.21053671,-75.36652296,2020,May,"2,754","444,900","392,700","52,200",11.70%
Montour,42093,4: Cent Pa.,41.03023987,-76.66345939,2020,May,5,"9,200","8,400",800,9.00%
Northampton,42095,2: NE Pa.,40.75182733,-75.30471829,2020,May,"1,033","161,000","139,200","21,800",13.50%
Northumberland,42097,4: Cent Pa.,40.84785433,-76.70798222,2020,May,99,"42,800","37,300","5,500",12.90%
Perry,42099,3: SC Pa.,40.40206612,-77.26297447,2020,May,29,"24,800","22,300","2,400",9.80%
Philadelphia,42101,1: SE Pa.,40.00338507,-75.1379271,2020,May,"8,161","745,400","623,000","122,400",16.40%
Pike,42103,2: NE Pa.,41.33155042,-75.03208106,2020,May,98,"24,900","20,900","4,000",16.00%
Potter,42105,6: NW Pa.,41.74471626,-77.89559864,2020,May,0,"7,200","6,300",800,11.50%
Schuylkill,42107,2: NE Pa.,40.70497338,-76.2150785,2020,May,263,"67,200","58,500","8,700",13.00%
Snyder,42109,4: Cent Pa.,40.77129231,-77.06840691,2020,May,12,"20,200","18,100","2,100",10.20%
Somerset,42111,4: Cent Pa.,39.97172723,-79.02699593,2020,May,12,"32,700","28,500","4,200",12.90%
Sullivan,42113,2: NE Pa.,41.44634738,-76.51246591,2020,May,2,"2,500","2,200",300,10.70%
Susquehanna,42115,2: NE Pa.,41.82147784,-75.80071959,2020,May,25,"19,800","17,800","2,000",9.90%
Tioga,42117,2: NE Pa.,41.77255149,-77.25433032,2020,May,1,"19,000","16,800","2,200",11.60%
Union,42119,4: Cent Pa.,40.96188846,-77.05996014,2020,May,23,"19,400","17,500","1,900",10.00%
Venango,42121,6: NW Pa.,41.40323442,-79.75845449,2020,May,2,"21,900","19,300","2,600",11.90%
Warren,42123,6: NW Pa.,41.81304978,-79.26969577,2020,May,2,"18,600","16,600","2,000",10.70%
Washington,42125,5: SW Pa.,40.19208869,-80.24582867,2020,May,24,"106,100","91,400","14,700",13.80%
Wayne,42127,2: NE Pa.,41.64938475,-75.29956506,2020,May,19,"21,600","18,700","2,900",13.30%
Westmoreland,42129,5: SW Pa.,40.3137798,-79.46615476,2020,May,58,"179,200","154,600","24,600",13.70%
Wyoming,42131,2: NE Pa.,41.51955538,-76.01074915,2020,May,14,"13,000","11,500","1,600",11.90%
York,42133,3: SC Pa.,39.9210089,-76.73040131,2020,May,366,"241,700","211,600","30,100",12.40%
Adams,42001,3: SC Pa.,39.87140411,-77.21610347,2020,Jun,88,"55,700","49,900","5,800",10.40%
Allegheny,42003,5: SW Pa.,40.46809875,-79.98167747,2020,Jun,849,"635,900","554,300","81,700",12.80%
Armstrong,42005,5: SW Pa.,40.81665618,-79.46290811,2020,Jun,12,"31,300","27,400","3,900",12.40%
Beaver,42007,5: SW Pa.,40.6825484,-80.34921611,2020,Jun,79,"84,000","71,500","12,400",14.80%
Bedford,42009,4: Cent Pa.,40.00522157,-78.48998442,2020,Jun,43,"23,200","20,400","2,800",12.10%
Berks,42011,2: NE Pa.,40.41570541,-75.92457766,2020,Jun,466,"225,600","195,900","29,700",13.20%
Blair,42013,4: Cent Pa.,40.47961444,-78.34917412,2020,Jun,21,"59,000","52,000","7,000",11.90%
Bradford,42015,2: NE Pa.,41.78869215,-76.51570822,2020,Jun,11,"28,000","25,200","2,800",10.00%
Bucks,42017,1: SE Pa.,40.33682119,-75.10836643,2020,Jun,662,"336,600","292,700","44,000",13.10%
Butler,42019,5: SW Pa.,40.91152759,-79.91351055,2020,Jun,77,"96,100","85,700","10,400",10.80%
Cambria,42021,4: Cent Pa.,40.49527404,-78.71377428,2020,Jun,23,"55,600","48,400","7,200",12.90%
Cameron,42023,6: NW Pa.,41.43625568,-78.20376845,2020,Jun,1,"2,100","1,800",300,15.90%
Carbon,42025,2: NE Pa.,40.91545395,-75.7068525,2020,Jun,43,"31,700","27,500","4,300",13.50%
Centre,42027,4: Cent Pa.,40.92058903,-77.82200624,2020,Jun,48,"73,600","67,300","6,300",8.60%
Chester,42029,1: SE Pa.,39.97291773,-75.74768357,2020,Jun,982,"274,500","246,400","28,200",10.30%
Clarion,42031,6: NW Pa.,41.19265812,-79.42413524,2020,Jun,7,"16,400","14,700","1,700",10.50%
Clearfield,42033,6: NW Pa.,41.00110782,-78.47592663,2020,Jun,33,"35,500","31,300","4,200",11.80%
Clinton,42035,4: Cent Pa.,41.23255967,-77.63785995,2020,Jun,22,"17,500","15,600","1,900",11.10%
Columbia,42037,2: NE Pa.,41.04821986,-76.40565017,2020,Jun,52,"33,400","29,900","3,600",10.70%
Crawford,42039,6: NW Pa.,41.68447709,-80.10760592,2020,Jun,24,"37,100","32,500","4,600",12.40%
Cumberland,42041,3: SC Pa.,40.1625372,-77.26130755,2020,Jun,223,"130,900","117,800","13,100",10.00%
Dauphin,42043,3: SC Pa.,40.41377078,-76.77993242,2020,Jun,768,"147,300","127,500","19,800",13.40%
Delaware,42045,1: SE Pa.,39.91680171,-75.40243663,2020,Jun,740,"299,900","257,800","42,100",14.00%
Elk,42047,6: NW Pa.,41.42822061,-78.64524744,2020,Jun,9,"16,000","13,200","2,900",17.90%
Erie,42049,6: NW Pa.,41.99253829,-80.03301954,2020,Jun,328,"125,700","107,400","18,300",14.60%
Fayette,42051,5: SW Pa.,39.92041012,-79.64291195,2020,Jun,21,"56,800","48,000","8,700",15.40%
Forest,42053,6: NW Pa.,41.51095103,-79.23229292,2020,Jun,0,"1,800","1,500",200,13.60%
Franklin,42055,3: SC Pa.,39.92956518,-77.72157791,2020,Jun,151,"77,100","68,200","8,900",11.50%
Fulton,42057,4: Cent Pa.,39.92913544,-78.11163677,2020,Jun,3,"8,400","7,000","1,300",16.10%
Greene,42059,5: SW Pa.,39.85746531,-80.22357106,2020,Jun,14,"16,400","14,100","2,200",13.60%
Huntingdon,42061,4: Cent Pa.,40.42162652,-77.97673273,2020,Jun,22,"19,500","16,800","2,700",14.00%
Indiana,42063,5: SW Pa.,40.65241041,-79.08963285,2020,Jun,17,"37,600","32,900","4,700",12.50%
Jefferson,42065,6: NW Pa.,41.12913106,-78.9986361,2020,Jun,13,"20,000","17,700","2,400",11.80%
Juniata,42067,4: Cent Pa.,40.53358749,-77.3997513,2020,Jun,16,"12,100","11,000","1,100",8.80%
Lackawanna,42069,2: NE Pa.,41.43564672,-75.60379201,2020,Jun,156,"100,900","86,200","14,600",14.50%
Lancaster,42071,3: SC Pa.,40.03904563,-76.24770128,2020,Jun,"1,281","292,000","258,700","33,300",11.40%
Lawrence,42073,5: SW Pa.,40.99206278,-80.33393706,2020,Jun,22,"39,600","34,200","5,300",13.50%
Lebanon,42075,3: SC Pa.,40.36680311,-76.45651841,2020,Jun,373,"72,900","64,200","8,700",11.90%
Lehigh,42077,2: NE Pa.,40.6154815,-75.59435245,2020,Jun,470,"194,400","166,100","28,300",14.60%
Luzerne,42079,2: NE Pa.,41.17823008,-75.98447579,2020,Jun,174,"152,900","128,200","24,600",16.10%
Lycoming,42081,4: Cent Pa.,41.34310539,-77.06629984,2020,Jun,18,"52,500","46,000","6,500",12.40%
McKean,42083,6: NW Pa.,41.80938602,-78.56478358,2020,Jun,5,"17,000","14,800","2,200",13.10%
Mercer,42085,6: NW Pa.,41.30248872,-80.25816981,2020,Jun,33,"47,400","41,000","6,400",13.40%
Mifflin,42087,4: Cent Pa.,40.61116939,-77.61070738,2020,Jun,4,"20,500","18,400","2,100",10.30%
Monroe,42089,2: NE Pa.,41.05934058,-75.34031025,2020,Jun,102,"81,600","66,700","14,900",18.30%
Montgomery,42091,1: SE Pa.,40.21053671,-75.36652296,2020,Jun,"1,387","441,100","387,700","53,400",12.10%
Montour,42093,4: Cent Pa.,41.03023987,-76.66345939,2020,Jun,21,"9,000","8,200",700,8.20%
Northampton,42095,2: NE Pa.,40.75182733,-75.30471829,2020,Jun,330,"161,300","139,100","22,300",13.80%
Northumberland,42097,4: Cent Pa.,40.84785433,-76.70798222,2020,Jun,112,"41,700","36,500","5,200",12.50%
Perry,42099,3: SC Pa.,40.40206612,-77.26297447,2020,Jun,27,"24,200","21,900","2,300",9.60%
Philadelphia,42101,1: SE Pa.,40.00338507,-75.1379271,2020,Jun,"3,504","742,600","607,200","135,400",18.20%
Pike,42103,2: NE Pa.,41.33155042,-75.03208106,2020,Jun,20,"24,700","20,800","3,900",15.80%
Potter,42105,6: NW Pa.,41.74471626,-77.89559864,2020,Jun,11,"7,000","6,200",800,11.60%
Schuylkill,42107,2: NE Pa.,40.70497338,-76.2150785,2020,Jun,110,"66,300","57,700","8,600",13.00%
Snyder,42109,4: Cent Pa.,40.77129231,-77.06840691,2020,Jun,21,"19,200","17,300","1,900",9.70%
Somerset,42111,4: Cent Pa.,39.97172723,-79.02699593,2020,Jun,23,"32,300","28,300","4,000",12.50%
Sullivan,42113,2: NE Pa.,41.44634738,-76.51246591,2020,Jun,2,"2,500","2,200",300,10.70%
Susquehanna,42115,2: NE Pa.,41.82147784,-75.80071959,2020,Jun,73,"19,300","17,500","1,900",9.70%
Tioga,42117,2: NE Pa.,41.77255149,-77.25433032,2020,Jun,8,"18,800","16,400","2,400",12.70%
Union,42119,4: Cent Pa.,40.96188846,-77.05996014,2020,Jun,33,"18,700","16,800","1,800",9.90%
Venango,42121,6: NW Pa.,41.40323442,-79.75845449,2020,Jun,9,"21,700","19,200","2,500",11.60%
Warren,42123,6: NW Pa.,41.81304978,-79.26969577,2020,Jun,3,"18,400","16,400","2,000",11.00%
Washington,42125,5: SW Pa.,40.19208869,-80.24582867,2020,Jun,80,"104,900","91,300","13,600",12.90%
Wayne,42127,2: NE Pa.,41.64938475,-75.29956506,2020,Jun,21,"21,400","18,600","2,700",12.80%
Westmoreland,42129,5: SW Pa.,40.3137798,-79.46615476,2020,Jun,197,"176,400","154,500","22,000",12.40%
Wyoming,42131,2: NE Pa.,41.51955538,-76.01074915,2020,Jun,4,"12,800","11,300","1,500",11.90%
York,42133,3: SC Pa.,39.9210089,-76.73040131,2020,Jun,508,"235,800","208,300","27,500",11.70%
Adams,42001,3: SC Pa.,39.87140411,-77.21610347,2020,Jul,123,"55,400","50,300","5,100",9.20%
Allegheny,42003,5: SW Pa.,40.46809875,-79.98167747,2020,Jul,"5,334","645,300","559,500","85,800",13.30%
Armstrong,42005,5: SW Pa.,40.81665618,-79.46290811,2020,Jul,105,"31,800","27,700","4,100",13.00%
Beaver,42007,5: SW Pa.,40.6825484,-80.34921611,2020,Jul,543,"84,500","72,200","12,300",14.50%
Bedford,42009,4: Cent Pa.,40.00522157,-78.48998442,2020,Jul,46,"23,400","20,500","2,900",12.40%
Berks,42011,2: NE Pa.,40.41570541,-75.92457766,2020,Jul,625,"226,400","198,700","27,700",12.20%
Blair,42013,4: Cent Pa.,40.47961444,-78.34917412,2020,Jul,133,"59,300","52,300","7,000",11.90%
Bradford,42015,2: NE Pa.,41.78869215,-76.51570822,2020,Jul,23,"28,300","25,400","2,900",10.30%
Bucks,42017,1: SE Pa.,40.33682119,-75.10836643,2020,Jul,"1,158","338,900","298,400","40,400",11.90%
Butler,42019,5: SW Pa.,40.91152759,-79.91351055,2020,Jul,290,"97,000","86,500","10,400",10.80%
Cambria,42021,4: Cent Pa.,40.49527404,-78.71377428,2020,Jul,170,"56,400","49,000","7,400",13.10%
Cameron,42023,6: NW Pa.,41.43625568,-78.20376845,2020,Jul,2,"2,100","1,800",300,16.30%
Carbon,42025,2: NE Pa.,40.91545395,-75.7068525,2020,Jul,78,"31,800","27,700","4,100",12.90%
Centre,42027,4: Cent Pa.,40.92058903,-77.82200624,2020,Jul,156,"74,600","68,300","6,300",8.50%
Chester,42029,1: SE Pa.,39.97291773,-75.74768357,2020,Jul,"1,174","277,300","250,900","26,300",9.50%
Clarion,42031,6: NW Pa.,41.19265812,-79.42413524,2020,Jul,41,"16,400","14,700","1,800",10.80%
Clearfield,42033,6: NW Pa.,41.00110782,-78.47592663,2020,Jul,59,"35,900","31,700","4,200",11.80%
Clinton,42035,4: Cent Pa.,41.23255967,-77.63785995,2020,Jul,35,"17,700","15,800","1,900",10.90%
Columbia,42037,2: NE Pa.,41.04821986,-76.40565017,2020,Jul,57,"33,800","30,300","3,500",10.40%
Crawford,42039,6: NW Pa.,41.68447709,-80.10760592,2020,Jul,71,"37,200","32,600","4,600",12.30%
Cumberland,42041,3: SC Pa.,40.1625372,-77.26130755,2020,Jul,351,"132,900","120,500","12,400",9.30%
Dauphin,42043,3: SC Pa.,40.41377078,-76.77993242,2020,Jul,595,"148,700","130,500","18,200",12.20%
Delaware,42045,1: SE Pa.,39.91680171,-75.40243663,2020,Jul,"1,468","301,400","261,500","39,900",13.20%
Elk,42047,6: NW Pa.,41.42822061,-78.64524744,2020,Jul,28,"15,700","13,200","2,600",16.20%
Erie,42049,6: NW Pa.,41.99253829,-80.03301954,2020,Jul,316,"126,300","109,200","17,000",13.50%
Fayette,42051,5: SW Pa.,39.92041012,-79.64291195,2020,Jul,271,"57,400","48,500","8,900",15.50%
Forest,42053,6: NW Pa.,41.51095103,-79.23229292,2020,Jul,2,"1,800","1,600",200,13.60%
Franklin,42055,3: SC Pa.,39.92956518,-77.72157791,2020,Jul,343,"77,800","69,300","8,500",10.90%
Fulton,42057,4: Cent Pa.,39.92913544,-78.11163677,2020,Jul,4,"8,500","7,100","1,400",16.80%
Greene,42059,5: SW Pa.,39.85746531,-80.22357106,2020,Jul,66,"16,600","14,300","2,300",13.60%
Huntingdon,42061,4: Cent Pa.,40.42162652,-77.97673273,2020,Jul,35,"19,900","17,000","2,900",14.60%
Indiana,42063,5: SW Pa.,40.65241041,-79.08963285,2020,Jul,148,"38,200","33,300","4,900",12.80%
Jefferson,42065,6: NW Pa.,41.12913106,-78.9986361,2020,Jul,35,"20,200","17,900","2,400",11.60%
Juniata,42067,4: Cent Pa.,40.53358749,-77.3997513,2020,Jul,14,"12,200","11,200","1,000",8.50%
Lackawanna,42069,2: NE Pa.,41.43564672,-75.60379201,2020,Jul,191,"101,000","87,300","13,600",13.50%
Lancaster,42071,3: SC Pa.,40.03904563,-76.24770128,2020,Jul,"1,083","295,200","265,100","30,100",10.20%
Lawrence,42073,5: SW Pa.,40.99206278,-80.33393706,2020,Jul,236,"39,700","34,300","5,400",13.60%
Lebanon,42075,3: SC Pa.,40.36680311,-76.45651841,2020,Jul,221,"72,600","64,600","7,900",11.00%
Lehigh,42077,2: NE Pa.,40.6154815,-75.59435245,2020,Jul,575,"193,200","167,600","25,600",13.30%
Luzerne,42079,2: NE Pa.,41.17823008,-75.98447579,2020,Jul,342,"152,400","129,800","22,600",14.80%
Lycoming,42081,4: Cent Pa.,41.34310539,-77.06629984,2020,Jul,143,"52,600","46,300","6,400",12.10%
McKean,42083,6: NW Pa.,41.80938602,-78.56478358,2020,Jul,11,"17,100","14,900","2,200",12.80%
Mercer,42085,6: NW Pa.,41.30248872,-80.25816981,2020,Jul,191,"47,300","41,100","6,300",13.20%
Mifflin,42087,4: Cent Pa.,40.61116939,-77.61070738,2020,Jul,37,"20,900","18,600","2,300",11.00%
Monroe,42089,2: NE Pa.,41.05934058,-75.34031025,2020,Jul,159,"81,300","68,700","12,700",15.60%
Montgomery,42091,1: SE Pa.,40.21053671,-75.36652296,2020,Jul,"1,313","444,800","395,300","49,400",11.10%
Montour,42093,4: Cent Pa.,41.03023987,-76.66345939,2020,Jul,20,"9,100","8,300",700,8.00%
Northampton,42095,2: NE Pa.,40.75182733,-75.30471829,2020,Jul,414,"160,600","140,300","20,300",12.60%
Northumberland,42097,4: Cent Pa.,40.84785433,-76.70798222,2020,Jul,97,"41,900","36,800","5,100",12.10%
Perry,42099,3: SC Pa.,40.40206612,-77.26297447,2020,Jul,27,"24,500","22,400","2,200",8.80%
Philadelphia,42101,1: SE Pa.,40.00338507,-75.1379271,2020,Jul,"4,221","748,500","613,200","135,300",18.10%
Pike,42103,2: NE Pa.,41.33155042,-75.03208106,2020,Jul,28,"24,900","21,300","3,600",14.40%
Potter,42105,6: NW Pa.,41.74471626,-77.89559864,2020,Jul,5,"7,100","6,200",800,11.70%
Schuylkill,42107,2: NE Pa.,40.70497338,-76.2150785,2020,Jul,139,"66,200","57,900","8,300",12.50%
Snyder,42109,4: Cent Pa.,40.77129231,-77.06840691,2020,Jul,27,"19,200","17,500","1,800",9.20%
Somerset,42111,4: Cent Pa.,39.97172723,-79.02699593,2020,Jul,59,"32,800","28,900","3,900",12.00%
Sullivan,42113,2: NE Pa.,41.44634738,-76.51246591,2020,Jul,5,"2,600","2,300",300,11.50%
Susquehanna,42115,2: NE Pa.,41.82147784,-75.80071959,2020,Jul,27,"19,500","17,700","1,800",9.40%
Tioga,42117,2: NE Pa.,41.77255149,-77.25433032,2020,Jul,10,"18,900","16,600","2,300",12.40%
Union,42119,4: Cent Pa.,40.96188846,-77.05996014,2020,Jul,40,"18,900","17,100","1,800",9.50%
Venango,42121,6: NW Pa.,41.40323442,-79.75845449,2020,Jul,44,"21,900","19,300","2,600",12.10%
Warren,42123,6: NW Pa.,41.81304978,-79.26969577,2020,Jul,9,"18,600","16,500","2,100",11.30%
Washington,42125,5: SW Pa.,40.19208869,-80.24582867,2020,Jul,521,"106,000","92,200","13,800",13.00%
Wayne,42127,2: NE Pa.,41.64938475,-75.29956506,2020,Jul,18,"22,100","19,600","2,600",11.60%
Westmoreland,42129,5: SW Pa.,40.3137798,-79.46615476,2020,Jul,763,"178,100","156,000","22,100",12.40%
Wyoming,42131,2: NE Pa.,41.51955538,-76.01074915,2020,Jul,19,"12,800","11,400","1,400",11.10%
York,42133,3: SC Pa.,39.9210089,-76.73040131,2020,Jul,754,"235,100","209,500","25,700",10.90%
Adams,42001,3: SC Pa.,39.87140411,-77.21610347,2020,Aug,180,"54,600","50,600","3,900",7.20%
Allegheny,42003,5: SW Pa.,40.46809875,-79.98167747,2020,Aug,"2,253","632,200","562,400","69,700",11.00%
Armstrong,42005,5: SW Pa.,40.81665618,-79.46290811,2020,Aug,135,"31,300","27,800","3,400",11.00%
Beaver,42007,5: SW Pa.,40.6825484,-80.34921611,2020,Aug,399,"82,700","72,600","10,100",12.20%
Bedford,42009,4: Cent Pa.,40.00522157,-78.48998442,2020,Aug,42,"22,900","20,700","2,200",9.40%
Berks,42011,2: NE Pa.,40.41570541,-75.92457766,2020,Aug,904,"221,800","198,800","23,000",10.40%
Blair,42013,4: Cent Pa.,40.47961444,-78.34917412,2020,Aug,257,"57,900","52,500","5,400",9.30%
Bradford,42015,2: NE Pa.,41.78869215,-76.51570822,2020,Aug,19,"28,000","25,700","2,300",8.30%
Bucks,42017,1: SE Pa.,40.33682119,-75.10836643,2020,Aug,903,"333,400","300,700","32,700",9.80%
Butler,42019,5: SW Pa.,40.91152759,-79.91351055,2020,Aug,188,"95,300","87,000","8,300",8.70%
Cambria,42021,4: Cent Pa.,40.49527404,-78.71377428,2020,Aug,211,"55,100","49,300","5,900",10.60%
Cameron,42023,6: NW Pa.,41.43625568,-78.20376845,2020,Aug,3,"2,000","1,800",300,12.70%
Carbon,42025,2: NE Pa.,40.91545395,-75.7068525,2020,Aug,66,"31,300","27,900","3,400",10.80%
Centre,42027,4: Cent Pa.,40.92058903,-77.82200624,2020,Aug,129,"74,800","70,100","4,600",6.20%
Chester,42029,1: SE Pa.,39.97291773,-75.74768357,2020,Aug,793,"274,200","253,300","20,900",7.60%
Clarion,42031,6: NW Pa.,41.19265812,-79.42413524,2020,Aug,23,"16,300","15,000","1,300",8.30%
Clearfield,42033,6: NW Pa.,41.00110782,-78.47592663,2020,Aug,96,"35,500","32,100","3,400",9.70%
Clinton,42035,4: Cent Pa.,41.23255967,-77.63785995,2020,Aug,23,"17,600","16,000","1,600",8.90%
Columbia,42037,2: NE Pa.,41.04821986,-76.40565017,2020,Aug,208,"33,200","30,400","2,700",8.30%
Crawford,42039,6: NW Pa.,41.68447709,-80.10760592,2020,Aug,90,"36,500","32,800","3,700",10.10%
Cumberland,42041,3: SC Pa.,40.1625372,-77.26130755,2020,Aug,330,"130,800","121,100","9,700",7.40%
Dauphin,42043,3: SC Pa.,40.41377078,-76.77993242,2020,Aug,689,"146,000","131,000","15,000",10.30%
Delaware,42045,1: SE Pa.,39.91680171,-75.40243663,2020,Aug,"1,688","294,900","261,900","33,000",11.20%
Elk,42047,6: NW Pa.,41.42822061,-78.64524744,2020,Aug,21,"15,300","13,200","2,000",13.20%
Erie,42049,6: NW Pa.,41.99253829,-80.03301954,2020,Aug,426,"123,700","109,900","13,800",11.20%
Fayette,42051,5: SW Pa.,39.92041012,-79.64291195,2020,Aug,305,"56,200","48,800","7,400",13.20%
Forest,42053,6: NW Pa.,41.51095103,-79.23229292,2020,Aug,5,"1,800","1,600",200,11.50%
Franklin,42055,3: SC Pa.,39.92956518,-77.72157791,2020,Aug,246,"77,100","70,300","6,800",8.80%
Fulton,42057,4: Cent Pa.,39.92913544,-78.11163677,2020,Aug,12,"8,200","7,100","1,100",13.70%
Greene,42059,5: SW Pa.,39.85746531,-80.22357106,2020,Aug,33,"16,200","14,400","1,800",11.00%
Huntingdon,42061,4: Cent Pa.,40.42162652,-77.97673273,2020,Aug,77,"19,500","17,300","2,200",11.10%
Indiana,42063,5: SW Pa.,40.65241041,-79.08963285,2020,Aug,171,"37,500","33,600","3,800",10.30%
Jefferson,42065,6: NW Pa.,41.12913106,-78.9986361,2020,Aug,40,"20,000","18,000","1,900",9.80%
Juniata,42067,4: Cent Pa.,40.53358749,-77.3997513,2020,Aug,25,"12,100","11,300",800,7.00%
Lackawanna,42069,2: NE Pa.,41.43564672,-75.60379201,2020,Aug,191,"99,500","88,400","11,200",11.20%
Lancaster,42071,3: SC Pa.,40.03904563,-76.24770128,2020,Aug,"1,206","290,400","266,800","23,600",8.10%
Lawrence,42073,5: SW Pa.,40.99206278,-80.33393706,2020,Aug,121,"38,900","34,500","4,500",11.50%
Lebanon,42075,3: SC Pa.,40.36680311,-76.45651841,2020,Aug,165,"71,400","64,900","6,500",9.10%
Lehigh,42077,2: NE Pa.,40.6154815,-75.59435245,2020,Aug,394,"190,200","168,600","21,500",11.30%
Luzerne,42079,2: NE Pa.,41.17823008,-75.98447579,2020,Aug,526,"150,300","131,400","18,900",12.60%
Lycoming,42081,4: Cent Pa.,41.34310539,-77.06629984,2020,Aug,197,"52,200","46,900","5,300",10.20%
McKean,42083,6: NW Pa.,41.80938602,-78.56478358,2020,Aug,9,"16,800","15,100","1,700",10.20%
Mercer,42085,6: NW Pa.,41.30248872,-80.25816981,2020,Aug,215,"46,400","41,200","5,100",11.10%
Mifflin,42087,4: Cent Pa.,40.61116939,-77.61070738,2020,Aug,61,"20,700","18,800","1,900",9.10%
Monroe,42089,2: NE Pa.,41.05934058,-75.34031025,2020,Aug,134,"79,400","69,100","10,300",13.00%
Montgomery,42091,1: SE Pa.,40.21053671,-75.36652296,2020,Aug,"1,274","438,500","398,200","40,200",9.20%
Montour,42093,4: Cent Pa.,41.03023987,-76.66345939,2020,Aug,39,"9,000","8,400",600,6.50%
Northampton,42095,2: NE Pa.,40.75182733,-75.30471829,2020,Aug,290,"157,500","141,200","16,200",10.30%
Northumberland,42097,4: Cent Pa.,40.84785433,-76.70798222,2020,Aug,280,"41,500","37,200","4,300",10.30%
Perry,42099,3: SC Pa.,40.40206612,-77.26297447,2020,Aug,63,"24,300","22,500","1,700",7.20%
Philadelphia,42101,1: SE Pa.,40.00338507,-75.1379271,2020,Aug,"3,424","733,100","617,200","115,900",15.80%
Pike,42103,2: NE Pa.,41.33155042,-75.03208106,2020,Aug,18,"24,400","21,400","2,900",12.00%
Potter,42105,6: NW Pa.,41.74471626,-77.89559864,2020,Aug,5,"7,000","6,300",700,9.60%
Schuylkill,42107,2: NE Pa.,40.70497338,-76.2150785,2020,Aug,107,"65,200","58,300","6,800",10.50%
Snyder,42109,4: Cent Pa.,40.77129231,-77.06840691,2020,Aug,71,"19,000","17,700","1,300",7.10%
Somerset,42111,4: Cent Pa.,39.97172723,-79.02699593,2020,Aug,45,"32,400","29,200","3,300",10.10%
Sullivan,42113,2: NE Pa.,41.44634738,-76.51246591,2020,Aug,0,"2,500","2,300",200,9.20%
Susquehanna,42115,2: NE Pa.,41.82147784,-75.80071959,2020,Aug,58,"19,500","17,900","1,500",7.80%
Tioga,42117,2: NE Pa.,41.77255149,-77.25433032,2020,Aug,14,"18,700","16,800","1,900",10.00%
Union,42119,4: Cent Pa.,40.96188846,-77.05996014,2020,Aug,245,"18,800","17,500","1,300",7.10%
Venango,42121,6: NW Pa.,41.40323442,-79.75845449,2020,Aug,8,"21,600","19,400","2,200",10.10%
Warren,42123,6: NW Pa.,41.81304978,-79.26969577,2020,Aug,12,"18,300","16,600","1,700",9.10%
Washington,42125,5: SW Pa.,40.19208869,-80.24582867,2020,Aug,314,"104,000","92,700","11,300",10.80%
Wayne,42127,2: NE Pa.,41.64938475,-75.29956506,2020,Aug,17,"21,900","19,800","2,000",9.30%
Westmoreland,42129,5: SW Pa.,40.3137798,-79.46615476,2020,Aug,406,"174,800","156,900","17,900",10.20%
Wyoming,42131,2: NE Pa.,41.51955538,-76.01074915,2020,Aug,10,"12,700","11,600","1,200",9.10%
York,42133,3: SC Pa.,39.9210089,-76.73040131,2020,Aug,"1,099","232,200","211,200","20,900",9.00%
Adams,42001,3: SC Pa.,39.87140411,-77.21610347,2020,Sep,210,"55,600","52,800","2,800",5.10%
Allegheny,42003,5: SW Pa.,40.46809875,-79.98167747,2020,Sep,"2,001","639,600","588,100","51,400",8.00%
Armstrong,42005,5: SW Pa.,40.81665618,-79.46290811,2020,Sep,134,"31,500","29,000","2,500",7.80%
Beaver,42007,5: SW Pa.,40.6825484,-80.34921611,2020,Sep,313,"83,100","75,900","7,200",8.70%
Bedford,42009,4: Cent Pa.,40.00522157,-78.48998442,2020,Sep,75,"23,400","21,600","1,800",7.60%
Berks,42011,2: NE Pa.,40.41570541,-75.92457766,2020,Sep,"1,130","225,100","207,800","17,200",7.70%
Blair,42013,4: Cent Pa.,40.47961444,-78.34917412,2020,Sep,255,"58,400","54,500","3,900",6.70%
Bradford,42015,2: NE Pa.,41.78869215,-76.51570822,2020,Sep,69,"28,400","26,800","1,700",5.90%
Bucks,42017,1: SE Pa.,40.33682119,-75.10836643,2020,Sep,"1,088","336,600","312,300","24,300",7.20%
Butler,42019,5: SW Pa.,40.91152759,-79.91351055,2020,Sep,289,"96,900","90,900","6,000",6.20%
Cambria,42021,4: Cent Pa.,40.49527404,-78.71377428,2020,Sep,130,"56,600","52,500","4,100",7.30%
Cameron,42023,6: NW Pa.,41.43625568,-78.20376845,2020,Sep,0,"2,000","1,800",200,11.20%
Carbon,42025,2: NE Pa.,40.91545395,-75.7068525,2020,Sep,47,"31,500","29,100","2,400",7.70%
Centre,42027,4: Cent Pa.,40.92058903,-77.82200624,2020,Sep,"2,224","77,500","74,000","3,500",4.50%
Chester,42029,1: SE Pa.,39.97291773,-75.74768357,2020,Sep,"1,280","277,900","262,400","15,500",5.60%
Clarion,42031,6: NW Pa.,41.19265812,-79.42413524,2020,Sep,29,"17,000","16,000","1,000",5.80%
Clearfield,42033,6: NW Pa.,41.00110782,-78.47592663,2020,Sep,103,"35,700","33,200","2,500",7.00%
Clinton,42035,4: Cent Pa.,41.23255967,-77.63785995,2020,Sep,71,"17,900","16,700","1,200",6.60%
Columbia,42037,2: NE Pa.,41.04821986,-76.40565017,2020,Sep,254,"33,900","31,800","2,100",6.10%
Crawford,42039,6: NW Pa.,41.68447709,-80.10760592,2020,Sep,102,"36,900","34,200","2,700",7.40%
Cumberland,42041,3: SC Pa.,40.1625372,-77.26130755,2020,Sep,375,"132,700","125,500","7,200",5.40%
Dauphin,42043,3: SC Pa.,40.41377078,-76.77993242,2020,Sep,529,"147,100","135,900","11,100",7.60%
Delaware,42045,1: SE Pa.,39.91680171,-75.40243663,2020,Sep,"1,179","299,800","274,900","24,900",8.30%
Elk,42047,6: NW Pa.,41.42822061,-78.64524744,2020,Sep,9,"15,100","13,700","1,400",9.50%
Erie,42049,6: NW Pa.,41.99253829,-80.03301954,2020,Sep,218,"124,700","114,400","10,300",8.30%
Fayette,42051,5: SW Pa.,39.92041012,-79.64291195,2020,Sep,120,"56,500","50,900","5,500",9.80%
Forest,42053,6: NW Pa.,41.51095103,-79.23229292,2020,Sep,1,"1,800","1,600",100,7.80%
Franklin,42055,3: SC Pa.,39.92956518,-77.72157791,2020,Sep,281,"77,600","72,500","5,100",6.50%
Fulton,42057,4: Cent Pa.,39.92913544,-78.11163677,2020,Sep,18,"8,100","7,300",900,10.50%
Greene,42059,5: SW Pa.,39.85746531,-80.22357106,2020,Sep,50,"16,500","15,300","1,300",7.70%
Huntingdon,42061,4: Cent Pa.,40.42162652,-77.97673273,2020,Sep,53,"19,800","18,200","1,700",8.40%
Indiana,42063,5: SW Pa.,40.65241041,-79.08963285,2020,Sep,310,"39,000","36,300","2,700",6.90%
Jefferson,42065,6: NW Pa.,41.12913106,-78.9986361,2020,Sep,15,"20,000","18,700","1,400",6.80%
Juniata,42067,4: Cent Pa.,40.53358749,-77.3997513,2020,Sep,43,"12,300","11,700",600,4.90%
Lackawanna,42069,2: NE Pa.,41.43564672,-75.60379201,2020,Sep,509,"100,600","92,300","8,300",8.30%
Lancaster,42071,3: SC Pa.,40.03904563,-76.24770128,2020,Sep,"1,262","292,300","275,000","17,300",5.90%
Lawrence,42073,5: SW Pa.,40.99206278,-80.33393706,2020,Sep,72,"39,500","36,100","3,400",8.60%
Lebanon,42075,3: SC Pa.,40.36680311,-76.45651841,2020,Sep,350,"72,500","67,700","4,800",6.60%
Lehigh,42077,2: NE Pa.,40.6154815,-75.59435245,2020,Sep,484,"191,800","176,000","15,800",8.20%
Luzerne,42079,2: NE Pa.,41.17823008,-75.98447579,2020,Sep,357,"152,000","137,200","14,800",9.70%
Lycoming,42081,4: Cent Pa.,41.34310539,-77.06629984,2020,Sep,187,"53,000","48,900","4,000",7.60%
McKean,42083,6: NW Pa.,41.80938602,-78.56478358,2020,Sep,22,"16,900","15,700","1,200",7.30%
Mercer,42085,6: NW Pa.,41.30248872,-80.25816981,2020,Sep,198,"46,700","42,800","4,000",8.50%
Mifflin,42087,4: Cent Pa.,40.61116939,-77.61070738,2020,Sep,68,"21,100","19,500","1,600",7.50%
Monroe,42089,2: NE Pa.,41.05934058,-75.34031025,2020,Sep,90,"79,700","71,800","7,900",9.90%
Montgomery,42091,1: SE Pa.,40.21053671,-75.36652296,2020,Sep,"1,250","443,700","413,800","29,900",6.70%
Montour,42093,4: Cent Pa.,41.03023987,-76.66345939,2020,Sep,53,"9,200","8,800",400,4.70%
Northampton,42095,2: NE Pa.,40.75182733,-75.30471829,2020,Sep,406,"159,200","147,300","11,800",7.40%
Northumberland,42097,4: Cent Pa.,40.84785433,-76.70798222,2020,Sep,386,"41,900","38,700","3,200",7.60%
Perry,42099,3: SC Pa.,40.40206612,-77.26297447,2020,Sep,59,"24,500","23,300","1,300",5.10%
Philadelphia,42101,1: SE Pa.,40.00338507,-75.1379271,2020,Sep,"3,448","736,700","648,400","88,300",12.00%
Pike,42103,2: NE Pa.,41.33155042,-75.03208106,2020,Sep,38,"24,500","22,300","2,200",9.00%
Potter,42105,6: NW Pa.,41.74471626,-77.89559864,2020,Sep,4,"7,100","6,600",500,7.40%
Schuylkill,42107,2: NE Pa.,40.70497338,-76.2150785,2020,Sep,201,"65,900","60,900","5,000",7.60%
Snyder,42109,4: Cent Pa.,40.77129231,-77.06840691,2020,Sep,178,"19,700","18,700","1,000",4.90%
Somerset,42111,4: Cent Pa.,39.97172723,-79.02699593,2020,Sep,55,"32,700","30,300","2,300",7.10%
Sullivan,42113,2: NE Pa.,41.44634738,-76.51246591,2020,Sep,3,"2,600","2,400",200,6.70%
Susquehanna,42115,2: NE Pa.,41.82147784,-75.80071959,2020,Sep,30,"19,600","18,400","1,200",5.90%
Tioga,42117,2: NE Pa.,41.77255149,-77.25433032,2020,Sep,29,"19,100","17,700","1,400",7.30%
Union,42119,4: Cent Pa.,40.96188846,-77.05996014,2020,Sep,95,"19,400","18,400","1,000",5.10%
Venango,42121,6: NW Pa.,41.40323442,-79.75845449,2020,Sep,18,"21,800","20,200","1,600",7.30%
Warren,42123,6: NW Pa.,41.81304978,-79.26969577,2020,Sep,17,"18,600","17,400","1,300",6.70%
Washington,42125,5: SW Pa.,40.19208869,-80.24582867,2020,Sep,321,"105,200","96,800","8,400",7.90%
Wayne,42127,2: NE Pa.,41.64938475,-75.29956506,2020,Sep,63,"21,000","19,500","1,500",7.30%
Westmoreland,42129,5: SW Pa.,40.3137798,-79.46615476,2020,Sep,462,"176,500","163,800","12,700",7.20%
Wyoming,42131,2: NE Pa.,41.51955538,-76.01074915,2020,Sep,11,"12,900","12,000",900,6.60%
York,42133,3: SC Pa.,39.9210089,-76.73040131,2020,Sep,"1,573","235,100","220,000","15,200",6.40%
Adams,42001,3: SC Pa.,39.87140411,-77.21610347,2020,Oct,327,"55,700","53,200","2,500",4.50%
Allegheny,42003,5: SW Pa.,40.46809875,-79.98167747,2020,Oct,"3,448","632,400","587,800","44,500",7.00%
Armstrong,42005,5: SW Pa.,40.81665618,-79.46290811,2020,Oct,321,"31,200","29,100","2,200",6.90%
Beaver,42007,5: SW Pa.,40.6825484,-80.34921611,2020,Oct,401,"82,300","75,900","6,400",7.70%
Bedford,42009,4: Cent Pa.,40.00522157,-78.48998442,2020,Oct,202,"23,400","21,900","1,500",6.60%
Berks,42011,2: NE Pa.,40.41570541,-75.92457766,2020,Oct,"2,376","222,500","207,400","15,100",6.80%
Blair,42013,4: Cent Pa.,40.47961444,-78.34917412,2020,Oct,660,"57,700","54,200","3,500",6.00%
Bradford,42015,2: NE Pa.,41.78869215,-76.51570822,2020,Oct,694,"28,400","26,800","1,600",5.60%
Bucks,42017,1: SE Pa.,40.33682119,-75.10836643,2020,Oct,"1,552","333,300","312,200","21,100",6.30%
Butler,42019,5: SW Pa.,40.91152759,-79.91351055,2020,Oct,766,"96,100","90,900","5,200",5.40%
Cambria,42021,4: Cent Pa.,40.49527404,-78.71377428,2020,Oct,612,"55,800","52,100","3,600",6.50%
Cameron,42023,6: NW Pa.,41.43625568,-78.20376845,2020,Oct,2,"2,000","1,800",200,7.60%
Carbon,42025,2: NE Pa.,40.91545395,-75.7068525,2020,Oct,142,"31,200","29,100","2,100",6.80%
Centre,42027,4: Cent Pa.,40.92058903,-77.82200624,2020,Oct,"1,562","76,600","73,500","3,200",4.20%
Chester,42029,1: SE Pa.,39.97291773,-75.74768357,2020,Oct,"1,240","276,800","263,300","13,500",4.90%
Clarion,42031,6: NW Pa.,41.19265812,-79.42413524,2020,Oct,117,"16,900","16,000",900,5.30%
Clearfield,42033,6: NW Pa.,41.00110782,-78.47592663,2020,Oct,167,"35,400","33,100","2,300",6.40%
Clinton,42035,4: Cent Pa.,41.23255967,-77.63785995,2020,Oct,70,"17,800","16,800","1,100",6.10%
Columbia,42037,2: NE Pa.,41.04821986,-76.40565017,2020,Oct,155,"33,700","31,800","1,900",5.50%
Crawford,42039,6: NW Pa.,41.68447709,-80.10760592,2020,Oct,255,"37,400","34,900","2,400",6.50%
Cumberland,42041,3: SC Pa.,40.1625372,-77.26130755,2020,Oct,646,"131,700","125,300","6,400",4.90%
Dauphin,42043,3: SC Pa.,40.41377078,-76.77993242,2020,Oct,"1,102","145,700","135,700","10,000",6.90%
Delaware,42045,1: SE Pa.,39.91680171,-75.40243663,2020,Oct,"2,352","298,300","276,500","21,700",7.30%
Elk,42047,6: NW Pa.,41.42822061,-78.64524744,2020,Oct,104,"14,800","13,600","1,200",8.20%
Erie,42049,6: NW Pa.,41.99253829,-80.03301954,2020,Oct,656,"122,900","113,500","9,400",7.70%
Fayette,42051,5: SW Pa.,39.92041012,-79.64291195,2020,Oct,249,"55,800","50,900","4,800",8.60%
Forest,42053,6: NW Pa.,41.51095103,-79.23229292,2020,Oct,4,"1,800","1,600",100,6.80%
Franklin,42055,3: SC Pa.,39.92956518,-77.72157791,2020,Oct,511,"77,000","72,500","4,500",5.80%
Fulton,42057,4: Cent Pa.,39.92913544,-78.11163677,2020,Oct,42,"8,100","7,300",800,9.90%
Greene,42059,5: SW Pa.,39.85746531,-80.22357106,2020,Oct,73,"16,500","15,300","1,200",7.10%
Huntingdon,42061,4: Cent Pa.,40.42162652,-77.97673273,2020,Oct,600,"19,800","18,300","1,500",7.80%
Indiana,42063,5: SW Pa.,40.65241041,-79.08963285,2020,Oct,460,"38,700","36,400","2,300",6.10%
Jefferson,42065,6: NW Pa.,41.12913106,-78.9986361,2020,Oct,105,"20,200","19,000","1,200",6.00%
Juniata,42067,4: Cent Pa.,40.53358749,-77.3997513,2020,Oct,51,"12,400","11,800",600,4.50%
Lackawanna,42069,2: NE Pa.,41.43564672,-75.60379201,2020,Oct,"1,252","100,200","92,700","7,500",7.50%
Lancaster,42071,3: SC Pa.,40.03904563,-76.24770128,2020,Oct,"1,884","289,500","274,500","15,000",5.20%
Lawrence,42073,5: SW Pa.,40.99206278,-80.33393706,2020,Oct,416,"39,400","36,400","3,000",7.60%
Lebanon,42075,3: SC Pa.,40.36680311,-76.45651841,2020,Oct,"1,115","72,100","67,900","4,200",5.90%
Lehigh,42077,2: NE Pa.,40.6154815,-75.59435245,2020,Oct,"1,123","190,000","175,900","14,100",7.40%
Luzerne,42079,2: NE Pa.,41.17823008,-75.98447579,2020,Oct,"1,410","150,900","137,900","13,100",8.70%
Lycoming,42081,4: Cent Pa.,41.34310539,-77.06629984,2020,Oct,286,"52,400","48,700","3,700",7.00%
McKean,42083,6: NW Pa.,41.80938602,-78.56478358,2020,Oct,99,"16,800","15,700","1,100",6.60%
Mercer,42085,6: NW Pa.,41.30248872,-80.25816981,2020,Oct,393,"46,200","42,600","3,600",7.70%
Mifflin,42087,4: Cent Pa.,40.61116939,-77.61070738,2020,Oct,207,"20,800","19,500","1,300",6.00%
Monroe,42089,2: NE Pa.,41.05934058,-75.34031025,2020,Oct,265,"78,100","71,300","6,800",8.70%
Montgomery,42091,1: SE Pa.,40.21053671,-75.36652296,2020,Oct,"2,016","440,000","413,700","26,200",6.00%
Montour,42093,4: Cent Pa.,41.03023987,-76.66345939,2020,Oct,124,"9,200","8,800",400,4.50%
Northampton,42095,2: NE Pa.,40.75182733,-75.30471829,2020,Oct,"1,045","157,600","147,300","10,300",6.60%
Northumberland,42097,4: Cent Pa.,40.84785433,-76.70798222,2020,Oct,518,"41,800","39,000","2,800",6.80%
Perry,42099,3: SC Pa.,40.40206612,-77.26297447,2020,Oct,144,"24,400","23,300","1,100",4.60%
Philadelphia,42101,1: SE Pa.,40.00338507,-75.1379271,2020,Oct,"7,279","725,500","646,900","78,600",10.80%
Pike,42103,2: NE Pa.,41.33155042,-75.03208106,2020,Oct,53,"24,100","22,200","1,900",8.00%
Potter,42105,6: NW Pa.,41.74471626,-77.89559864,2020,Oct,31,"7,100","6,600",500,6.60%
Schuylkill,42107,2: NE Pa.,40.70497338,-76.2150785,2020,Oct,964,"65,900","61,300","4,600",6.90%
Snyder,42109,4: Cent Pa.,40.77129231,-77.06840691,2020,Oct,163,"19,800","18,900",900,4.50%
Somerset,42111,4: Cent Pa.,39.97172723,-79.02699593,2020,Oct,241,"32,600","30,500","2,100",6.40%
Sullivan,42113,2: NE Pa.,41.44634738,-76.51246591,2020,Oct,7,"2,600","2,400",200,6.40%
Susquehanna,42115,2: NE Pa.,41.82147784,-75.80071959,2020,Oct,119,"19,600","18,600","1,100",5.40%
Tioga,42117,2: NE Pa.,41.77255149,-77.25433032,2020,Oct,163,"18,900","17,700","1,200",6.40%
Union,42119,4: Cent Pa.,40.96188846,-77.05996014,2020,Oct,254,"19,400","18,500",900,4.60%
Venango,42121,6: NW Pa.,41.40323442,-79.75845449,2020,Oct,200,"22,100","20,600","1,500",6.80%
Warren,42123,6: NW Pa.,41.81304978,-79.26969577,2020,Oct,27,"18,700","17,600","1,100",6.10%
Washington,42125,5: SW Pa.,40.19208869,-80.24582867,2020,Oct,761,"104,200","96,800","7,400",7.10%
Wayne,42127,2: NE Pa.,41.64938475,-75.29956506,2020,Oct,55,"20,800","19,400","1,400",6.50%
Westmoreland,42129,5: SW Pa.,40.3137798,-79.46615476,2020,Oct,"2,195","175,000","163,700","11,300",6.50%
Wyoming,42131,2: NE Pa.,41.51955538,-76.01074915,2020,Oct,84,"12,900","12,100",800,5.90%
York,42133,3: SC Pa.,39.9210089,-76.73040131,2020,Oct,"1,775","233,400","219,900","13,500",5.80%
Adams,42001,3: SC Pa.,39.87140411,-77.21610347,2020,Nov,849,"54,600","52,400","2,200",4.00%
Allegheny,42003,5: SW Pa.,40.46809875,-79.98167747,2020,Nov,"12,608","622,900","583,700","39,200",6.30%
Armstrong,42005,5: SW Pa.,40.81665618,-79.46290811,2020,Nov,"1,031","30,900","28,800","2,000",6.60%
Beaver,42007,5: SW Pa.,40.6825484,-80.34921611,2020,Nov,"1,699","81,100","75,300","5,700",7.10%
Bedford,42009,4: Cent Pa.,40.00522157,-78.48998442,2020,Nov,"1,120","22,900","21,600","1,200",5.30%
Berks,42011,2: NE Pa.,40.41570541,-75.92457766,2020,Nov,"4,394","219,700","206,400","13,300",6.10%
Blair,42013,4: Cent Pa.,40.47961444,-78.34917412,2020,Nov,"2,946","57,300","54,000","3,300",5.80%
Bradford,42015,2: NE Pa.,41.78869215,-76.51570822,2020,Nov,997,"28,000","26,500","1,500",5.30%
Bucks,42017,1: SE Pa.,40.33682119,-75.10836643,2020,Nov,"7,288","328,200","310,200","18,000",5.50%
Butler,42019,5: SW Pa.,40.91152759,-79.91351055,2020,Nov,"2,692","95,000","90,200","4,900",5.10%
Cambria,42021,4: Cent Pa.,40.49527404,-78.71377428,2020,Nov,"3,334","55,300","51,800","3,500",6.30%
Cameron,42023,6: NW Pa.,41.43625568,-78.20376845,2020,Nov,16,"2,000","1,800",100,7.40%
Carbon,42025,2: NE Pa.,40.91545395,-75.7068525,2020,Nov,725,"31,200","29,300","1,900",6.20%
Centre,42027,4: Cent Pa.,40.92058903,-77.82200624,2020,Nov,"2,115","75,300","72,500","2,900",3.80%
Chester,42029,1: SE Pa.,39.97291773,-75.74768357,2020,Nov,"3,912","272,400","260,900","11,600",4.30%
Clarion,42031,6: NW Pa.,41.19265812,-79.42413524,2020,Nov,742,"16,800","15,900",900,5.40%
Clearfield,42033,6: NW Pa.,41.00110782,-78.47592663,2020,Nov,"1,196","34,900","32,800","2,100",6.00%
Clinton,42035,4: Cent Pa.,41.23255967,-77.63785995,2020,Nov,477,"17,700","16,700","1,100",6.10%
Columbia,42037,2: NE Pa.,41.04821986,-76.40565017,2020,Nov,414,"33,300","31,600","1,700",5.10%
Crawford,42039,6: NW Pa.,41.68447709,-80.10760592,2020,Nov,"1,349","36,900","34,600","2,300",6.30%
Cumberland,42041,3: SC Pa.,40.1625372,-77.26130755,2020,Nov,"2,618","130,700","125,000","5,600",4.30%
Dauphin,42043,3: SC Pa.,40.41377078,-76.77993242,2020,Nov,"2,872","144,600","135,500","9,100",6.30%
Delaware,42045,1: SE Pa.,39.91680171,-75.40243663,2020,Nov,"6,278","294,400","275,400","18,900",6.40%
Elk,42047,6: NW Pa.,41.42822061,-78.64524744,2020,Nov,368,"14,600","13,500","1,100",7.30%
Erie,42049,6: NW Pa.,41.99253829,-80.03301954,2020,Nov,"3,243","121,400","112,600","8,800",7.20%
Fayette,42051,5: SW Pa.,39.92041012,-79.64291195,2020,Nov,"1,170","55,000","50,600","4,400",8.10%
Forest,42053,6: NW Pa.,41.51095103,-79.23229292,2020,Nov,78,"1,700","1,600",100,7.40%
Franklin,42055,3: SC Pa.,39.92956518,-77.72157791,2020,Nov,"2,170","75,800","72,100","3,700",4.80%
Fulton,42057,4: Cent Pa.,39.92913544,-78.11163677,2020,Nov,178,"7,700","7,300",400,5.50%
Greene,42059,5: SW Pa.,39.85746531,-80.22357106,2020,Nov,489,"16,300","15,200","1,100",6.50%
Huntingdon,42061,4: Cent Pa.,40.42162652,-77.97673273,2020,Nov,726,"19,500","18,200","1,300",6.80%
Indiana,42063,5: SW Pa.,40.65241041,-79.08963285,2020,Nov,"1,367","38,300","36,100","2,200",5.70%
Jefferson,42065,6: NW Pa.,41.12913106,-78.9986361,2020,Nov,574,"20,000","18,900","1,100",5.70%
Juniata,42067,4: Cent Pa.,40.53358749,-77.3997513,2020,Nov,498,"12,300","11,700",600,5.00%
Lackawanna,42069,2: NE Pa.,41.43564672,-75.60379201,2020,Nov,"1,368","99,500","92,700","6,800",6.80%
Lancaster,42071,3: SC Pa.,40.03904563,-76.24770128,2020,Nov,"6,825","284,100","271,100","13,100",4.60%
Lawrence,42073,5: SW Pa.,40.99206278,-80.33393706,2020,Nov,"1,259","39,100","36,200","2,900",7.30%
Lebanon,42075,3: SC Pa.,40.36680311,-76.45651841,2020,Nov,"2,143","71,100","67,300","3,800",5.40%
Lehigh,42077,2: NE Pa.,40.6154815,-75.59435245,2020,Nov,"4,701","189,600","177,100","12,500",6.60%
Luzerne,42079,2: NE Pa.,41.17823008,-75.98447579,2020,Nov,"4,215","149,800","137,900","11,900",8.00%
Lycoming,42081,4: Cent Pa.,41.34310539,-77.06629984,2020,Nov,"1,205","52,200","48,800","3,400",6.50%
McKean,42083,6: NW Pa.,41.80938602,-78.56478358,2020,Nov,319,"16,600","15,600","1,100",6.30%
Mercer,42085,6: NW Pa.,41.30248872,-80.25816981,2020,Nov,"1,748","45,700","42,400","3,300",7.30%
Mifflin,42087,4: Cent Pa.,40.61116939,-77.61070738,2020,Nov,"1,345","20,700","19,300","1,300",6.40%
Monroe,42089,2: NE Pa.,41.05934058,-75.34031025,2020,Nov,"1,344","76,800","70,800","6,000",7.90%
Montgomery,42091,1: SE Pa.,40.21053671,-75.36652296,2020,Nov,"7,724","433,600","411,200","22,500",5.20%
Montour,42093,4: Cent Pa.,41.03023987,-76.66345939,2020,Nov,160,"9,100","8,700",400,4.10%
Northampton,42095,2: NE Pa.,40.75182733,-75.30471829,2020,Nov,"3,536","157,500","148,300","9,200",5.80%
Northumberland,42097,4: Cent Pa.,40.84785433,-76.70798222,2020,Nov,"1,083","41,400","38,700","2,700",6.50%
Perry,42099,3: SC Pa.,40.40206612,-77.26297447,2020,Nov,300,"24,200","23,200","1,000",4.10%
Philadelphia,42101,1: SE Pa.,40.00338507,-75.1379271,2020,Nov,"22,778","712,200","642,900","69,300",9.70%
Pike,42103,2: NE Pa.,41.33155042,-75.03208106,2020,Nov,223,"23,600","21,900","1,700",7.10%
Potter,42105,6: NW Pa.,41.74471626,-77.89559864,2020,Nov,159,"7,000","6,500",400,6.30%
Schuylkill,42107,2: NE Pa.,40.70497338,-76.2150785,2020,Nov,"1,974","65,000","60,900","4,200",6.40%
Snyder,42109,4: Cent Pa.,40.77129231,-77.06840691,2020,Nov,511,"19,600","18,800",900,4.40%
Somerset,42111,4: Cent Pa.,39.97172723,-79.02699593,2020,Nov,"1,465","32,300","30,300","2,000",6.30%
Sullivan,42113,2: NE Pa.,41.44634738,-76.51246591,2020,Nov,44,"2,500","2,400",200,6.00%
Susquehanna,42115,2: NE Pa.,41.82147784,-75.80071959,2020,Nov,205,"19,400","18,400","1,000",5.00%
Tioga,42117,2: NE Pa.,41.77255149,-77.25433032,2020,Nov,756,"18,700","17,500","1,200",6.20%
Union,42119,4: Cent Pa.,40.96188846,-77.05996014,2020,Nov,953,"19,200","18,400",800,4.20%
Venango,42121,6: NW Pa.,41.40323442,-79.75845449,2020,Nov,681,"21,900","20,500","1,500",6.70%
Warren,42123,6: NW Pa.,41.81304978,-79.26969577,2020,Nov,196,"18,500","17,500","1,000",5.70%
Washington,42125,5: SW Pa.,40.19208869,-80.24582867,2020,Nov,"2,473","102,900","96,100","6,700",6.60%
Wayne,42127,2: NE Pa.,41.64938475,-75.29956506,2020,Nov,245,"20,600","19,300","1,300",6.20%
Westmoreland,42129,5: SW Pa.,40.3137798,-79.46615476,2020,Nov,"4,789","173,000","162,500","10,400",6.00%
Wyoming,42131,2: NE Pa.,41.51955538,-76.01074915,2020,Nov,298,"12,800","12,100",700,5.70%
York,42133,3: SC Pa.,39.9210089,-76.73040131,2020,Nov,"4,486","231,700","219,800","11,900",5.10%
Adams,42001,3: SC Pa.,39.87140411,-77.21610347,2020,Dec,"2,529","54,100","51,800","2,300",4.20%
Allegheny,42003,5: SW Pa.,40.46809875,-79.98167747,2020,Dec,"25,405","619,400","580,100","39,300",6.30%
Armstrong,42005,5: SW Pa.,40.81665618,-79.46290811,2020,Dec,"1,665","31,000","28,700","2,300",7.50%
Beaver,42007,5: SW Pa.,40.6825484,-80.34921611,2020,Dec,"4,409","80,800","74,900","6,000",7.40%
Bedford,42009,4: Cent Pa.,40.00522157,-78.48998442,2020,Dec,"1,389","23,100","21,600","1,500",6.50%
Berks,42011,2: NE Pa.,40.41570541,-75.92457766,2020,Dec,"9,483","218,700","205,600","13,100",6.00%
Blair,42013,4: Cent Pa.,40.47961444,-78.34917412,2020,Dec,"3,564","57,200","53,600","3,600",6.30%
Bradford,42015,2: NE Pa.,41.78869215,-76.51570822,2020,Dec,"1,181","27,800","26,300","1,500",5.50%
Bucks,42017,1: SE Pa.,40.33682119,-75.10836643,2020,Dec,"12,804","325,300","308,000","17,300",5.30%
Butler,42019,5: SW Pa.,40.91152759,-79.91351055,2020,Dec,"4,829","95,100","89,700","5,500",5.80%
Cambria,42021,4: Cent Pa.,40.49527404,-78.71377428,2020,Dec,"4,286","54,700","50,700","4,000",7.30%
Cameron,42023,6: NW Pa.,41.43625568,-78.20376845,2020,Dec,121,"2,000","1,800",200,8.00%
Carbon,42025,2: NE Pa.,40.91545395,-75.7068525,2020,Dec,"1,444","31,400","29,300","2,100",6.50%
Centre,42027,4: Cent Pa.,40.92058903,-77.82200624,2020,Dec,"2,590","74,300","71,000","3,300",4.40%
Chester,42029,1: SE Pa.,39.97291773,-75.74768357,2020,Dec,"7,677","270,800","259,400","11,400",4.20%
Clarion,42031,6: NW Pa.,41.19265812,-79.42413524,2020,Dec,"1,035","16,700","15,700","1,100",6.30%
Clearfield,42033,6: NW Pa.,41.00110782,-78.47592663,2020,Dec,"2,330","35,000","32,600","2,400",7.00%
Clinton,42035,4: Cent Pa.,41.23255967,-77.63785995,2020,Dec,"1,188","17,700","16,400","1,200",7.00%
Columbia,42037,2: NE Pa.,41.04821986,-76.40565017,2020,Dec,"1,258","32,700","30,800","1,900",5.90%
Crawford,42039,6: NW Pa.,41.68447709,-80.10760592,2020,Dec,"2,939","37,000","34,400","2,500",6.90%
Cumberland,42041,3: SC Pa.,40.1625372,-77.26130755,2020,Dec,"5,284","129,600","123,800","5,800",4.50%
Dauphin,42043,3: SC Pa.,40.41377078,-76.77993242,2020,Dec,"6,027","142,800","134,000","8,800",6.10%
Delaware,42045,1: SE Pa.,39.91680171,-75.40243663,2020,Dec,"9,579","290,000","272,200","17,800",6.10%
Elk,42047,6: NW Pa.,41.42822061,-78.64524744,2020,Dec,892,"14,500","13,500","1,000",7.20%
Erie,42049,6: NW Pa.,41.99253829,-80.03301954,2020,Dec,"6,197","120,900","111,400","9,400",7.80%
Fayette,42051,5: SW Pa.,39.92041012,-79.64291195,2020,Dec,"5,016","55,100","50,300","4,900",8.80%
Forest,42053,6: NW Pa.,41.51095103,-79.23229292,2020,Dec,210,"1,700","1,600",100,8.40%
Franklin,42055,3: SC Pa.,39.92956518,-77.72157791,2020,Dec,"4,223","76,500","72,700","3,800",5.00%
Fulton,42057,4: Cent Pa.,39.92913544,-78.11163677,2020,Dec,438,"7,800","7,300",500,6.20%
Greene,42059,5: SW Pa.,39.85746531,-80.22357106,2020,Dec,938,"16,200","15,100","1,100",7.00%
Huntingdon,42061,4: Cent Pa.,40.42162652,-77.97673273,2020,Dec,"1,327","19,500","18,000","1,500",7.90%
Indiana,42063,5: SW Pa.,40.65241041,-79.08963285,2020,Dec,"1,386","38,300","35,800","2,500",6.40%
Jefferson,42065,6: NW Pa.,41.12913106,-78.9986361,2020,Dec,"1,097","20,100","18,800","1,300",6.50%
Juniata,42067,4: Cent Pa.,40.53358749,-77.3997513,2020,Dec,609,"12,300","11,700",700,5.60%
Lackawanna,42069,2: NE Pa.,41.43564672,-75.60379201,2020,Dec,"3,598","99,100","92,300","6,800",6.90%
Lancaster,42071,3: SC Pa.,40.03904563,-76.24770128,2020,Dec,"11,304","280,800","267,600","13,200",4.70%
Lawrence,42073,5: SW Pa.,40.99206278,-80.33393706,2020,Dec,"2,039","39,200","36,100","3,100",7.90%
Lebanon,42075,3: SC Pa.,40.36680311,-76.45651841,2020,Dec,"3,515","70,500","66,700","3,800",5.50%
Lehigh,42077,2: NE Pa.,40.6154815,-75.59435245,2020,Dec,"8,836","189,300","177,100","12,100",6.40%
Luzerne,42079,2: NE Pa.,41.17823008,-75.98447579,2020,Dec,"7,557","149,600","137,300","12,400",8.30%
Lycoming,42081,4: Cent Pa.,41.34310539,-77.06629984,2020,Dec,"3,814","51,800","48,100","3,700",7.20%
McKean,42083,6: NW Pa.,41.80938602,-78.56478358,2020,Dec,"1,202","16,700","15,500","1,200",7.00%
Mercer,42085,6: NW Pa.,41.30248872,-80.25816981,2020,Dec,"3,090","45,500","42,000","3,500",7.70%
Mifflin,42087,4: Cent Pa.,40.61116939,-77.61070738,2020,Dec,"1,637","20,800","19,400","1,500",7.10%
Monroe,42089,2: NE Pa.,41.05934058,-75.34031025,2020,Dec,"2,690","76,300","70,300","6,000",7.80%
Montgomery,42091,1: SE Pa.,40.21053671,-75.36652296,2020,Dec,"14,106","430,000","408,200","21,800",5.10%
Montour,42093,4: Cent Pa.,41.03023987,-76.66345939,2020,Dec,704,"8,900","8,500",400,4.80%
Northampton,42095,2: NE Pa.,40.75182733,-75.30471829,2020,Dec,"7,544","157,300","148,300","9,000",5.70%
Northumberland,42097,4: Cent Pa.,40.84785433,-76.70798222,2020,Dec,"2,168","41,300","38,400","2,900",6.90%
Perry,42099,3: SC Pa.,40.40206612,-77.26297447,2020,Dec,"1,042","24,100","23,000","1,100",4.40%
Philadelphia,42101,1: SE Pa.,40.00338507,-75.1379271,2020,Dec,"26,602","699,500","634,600","64,800",9.30%
Pike,42103,2: NE Pa.,41.33155042,-75.03208106,2020,Dec,584,"23,600","21,900","1,700",7.20%
Potter,42105,6: NW Pa.,41.74471626,-77.89559864,2020,Dec,364,"7,000","6,500",500,7.40%
Schuylkill,42107,2: NE Pa.,40.70497338,-76.2150785,2020,Dec,"3,691","65,100","60,800","4,300",6.60%
Snyder,42109,4: Cent Pa.,40.77129231,-77.06840691,2020,Dec,878,"19,700","18,700","1,000",5.00%
Somerset,42111,4: Cent Pa.,39.97172723,-79.02699593,2020,Dec,"2,923","32,400","30,000","2,400",7.40%
Sullivan,42113,2: NE Pa.,41.44634738,-76.51246591,2020,Dec,82,"2,500","2,300",200,6.90%
Susquehanna,42115,2: NE Pa.,41.82147784,-75.80071959,2020,Dec,407,"19,300","18,300","1,000",5.30%
Tioga,42117,2: NE Pa.,41.77255149,-77.25433032,2020,Dec,916,"18,600","17,300","1,300",6.80%
Union,42119,4: Cent Pa.,40.96188846,-77.05996014,2020,Dec,"1,212","19,100","18,100",900,4.90%
Venango,42121,6: NW Pa.,41.40323442,-79.75845449,2020,Dec,"1,385","21,900","20,400","1,500",7.00%
Warren,42123,6: NW Pa.,41.81304978,-79.26969577,2020,Dec,"1,207","18,600","17,400","1,200",6.40%
Washington,42125,5: SW Pa.,40.19208869,-80.24582867,2020,Dec,"4,338","102,600","95,500","7,100",6.90%
Wayne,42127,2: NE Pa.,41.64938475,-75.29956506,2020,Dec,"1,291","20,500","19,100","1,400",6.80%
Westmoreland,42129,5: SW Pa.,40.3137798,-79.46615476,2020,Dec,"10,072","173,000","161,600","11,400",6.60%
Wyoming,42131,2: NE Pa.,41.51955538,-76.01074915,2020,Dec,327,"12,800","12,000",800,6.40%
York,42133,3: SC Pa.,39.9210089,-76.73040131,2020,Dec,"12,081","232,400","220,400","12,000",5.20%
Adams,42001,3: SC Pa.,39.87140411,-77.21610347,2021,Jan,784,,,,
Allegheny,42003,5: SW Pa.,40.46809875,-79.98167747,2021,Jan,"6,898",,,,
Armstrong,42005,5: SW Pa.,40.81665618,-79.46290811,2021,Jan,527,,,,
Beaver,42007,5: SW Pa.,40.6825484,-80.34921611,2021,Jan,"1,127",,,,
Bedford,42009,4: Cent Pa.,40.00522157,-78.48998442,2021,Jan,268,,,,
Berks,42011,2: NE Pa.,40.41570541,-75.92457766,2021,Jan,"3,073",,,,
Blair,42013,4: Cent Pa.,40.47961444,-78.34917412,2021,Jan,911,,,,
Bradford,42015,2: NE Pa.,41.78869215,-76.51570822,2021,Jan,354,,,,
Bucks,42017,1: SE Pa.,40.33682119,-75.10836643,2021,Jan,"3,641",,,,
Butler,42019,5: SW Pa.,40.91152759,-79.91351055,2021,Jan,"1,502",,,,
Cambria,42021,4: Cent Pa.,40.49527404,-78.71377428,2021,Jan,815,,,,
Cameron,42023,6: NW Pa.,41.43625568,-78.20376845,2021,Jan,39,,,,
Carbon,42025,2: NE Pa.,40.91545395,-75.7068525,2021,Jan,676,,,,
Centre,42027,4: Cent Pa.,40.92058903,-77.82200624,2021,Jan,766,,,,
Chester,42029,1: SE Pa.,39.97291773,-75.74768357,2021,Jan,"1,769",,,,
Clarion,42031,6: NW Pa.,41.19265812,-79.42413524,2021,Jan,221,,,,
Clearfield,42033,6: NW Pa.,41.00110782,-78.47592663,2021,Jan,768,,,,
Clinton,42035,4: Cent Pa.,41.23255967,-77.63785995,2021,Jan,264,,,,
Columbia,42037,2: NE Pa.,41.04821986,-76.40565017,2021,Jan,623,,,,
Crawford,42039,6: NW Pa.,41.68447709,-80.10760592,2021,Jan,487,,,,
Cumberland,42041,3: SC Pa.,40.1625372,-77.26130755,2021,Jan,"1,427",,,,
Dauphin,42043,3: SC Pa.,40.41377078,-76.77993242,2021,Jan,"1,670",,,,
Delaware,42045,1: SE Pa.,39.91680171,-75.40243663,2021,Jan,"2,895",,,,
Elk,42047,6: NW Pa.,41.42822061,-78.64524744,2021,Jan,233,,,,
Erie,42049,6: NW Pa.,41.99253829,-80.03301954,2021,Jan,"1,457",,,,
Fayette,42051,5: SW Pa.,39.92041012,-79.64291195,2021,Jan,"1,225",,,,
Forest,42053,6: NW Pa.,41.51095103,-79.23229292,2021,Jan,108,,,,
Franklin,42055,3: SC Pa.,39.92956518,-77.72157791,2021,Jan,"1,253",,,,
Fulton,42057,4: Cent Pa.,39.92913544,-78.11163677,2021,Jan,137,,,,
Greene,42059,5: SW Pa.,39.85746531,-80.22357106,2021,Jan,314,,,,
Huntingdon,42061,4: Cent Pa.,40.42162652,-77.97673273,2021,Jan,359,,,,
Indiana,42063,5: SW Pa.,40.65241041,-79.08963285,2021,Jan,391,,,,
Jefferson,42065,6: NW Pa.,41.12913106,-78.9986361,2021,Jan,257,,,,
Juniata,42067,4: Cent Pa.,40.53358749,-77.3997513,2021,Jan,144,,,,
Lackawanna,42069,2: NE Pa.,41.43564672,-75.60379201,2021,Jan,"1,417",,,,
Lancaster,42071,3: SC Pa.,40.03904563,-76.24770128,2021,Jan,"3,666",,,,
Lawrence,42073,5: SW Pa.,40.99206278,-80.33393706,2021,Jan,545,,,,
Lebanon,42075,3: SC Pa.,40.36680311,-76.45651841,2021,Jan,"1,224",,,,
Lehigh,42077,2: NE Pa.,40.6154815,-75.59435245,2021,Jan,"3,247",,,,
Luzerne,42079,2: NE Pa.,41.17823008,-75.98447579,2021,Jan,"2,111",,,,
Lycoming,42081,4: Cent Pa.,41.34310539,-77.06629984,2021,Jan,844,,,,
McKean,42083,6: NW Pa.,41.80938602,-78.56478358,2021,Jan,400,,,,
Mercer,42085,6: NW Pa.,41.30248872,-80.25816981,2021,Jan,643,,,,
Mifflin,42087,4: Cent Pa.,40.61116939,-77.61070738,2021,Jan,340,,,,
Monroe,42089,2: NE Pa.,41.05934058,-75.34031025,2021,Jan,"1,007",,,,
Montgomery,42091,1: SE Pa.,40.21053671,-75.36652296,2021,Jan,"4,833",,,,
Montour,42093,4: Cent Pa.,41.03023987,-76.66345939,2021,Jan,116,,,,
Northampton,42095,2: NE Pa.,40.75182733,-75.30471829,2021,Jan,"2,557",,,,
Northumberland,42097,4: Cent Pa.,40.84785433,-76.70798222,2021,Jan,892,,,,
Perry,42099,3: SC Pa.,40.40206612,-77.26297447,2021,Jan,284,,,,
Philadelphia,42101,1: SE Pa.,40.00338507,-75.1379271,2021,Jan,"4,656",,,,
Pike,42103,2: NE Pa.,41.33155042,-75.03208106,2021,Jan,262,,,,
Potter,42105,6: NW Pa.,41.74471626,-77.89559864,2021,Jan,122,,,,
Schuylkill,42107,2: NE Pa.,40.70497338,-76.2150785,2021,Jan,"1,595",,,,
Snyder,42109,4: Cent Pa.,40.77129231,-77.06840691,2021,Jan,270,,,,
Somerset,42111,4: Cent Pa.,39.97172723,-79.02699593,2021,Jan,780,,,,
Sullivan,42113,2: NE Pa.,41.44634738,-76.51246591,2021,Jan,40,,,,
Susquehanna,42115,2: NE Pa.,41.82147784,-75.80071959,2021,Jan,181,,,,
Tioga,42117,2: NE Pa.,41.77255149,-77.25433032,2021,Jan,167,,,,
Union,42119,4: Cent Pa.,40.96188846,-77.05996014,2021,Jan,490,,,,
Venango,42121,6: NW Pa.,41.40323442,-79.75845449,2021,Jan,382,,,,
Warren,42123,6: NW Pa.,41.81304978,-79.26969577,2021,Jan,281,,,,
Washington,42125,5: SW Pa.,40.19208869,-80.24582867,2021,Jan,"1,486",,,,
Wayne,42127,2: NE Pa.,41.64938475,-75.29956506,2021,Jan,403,,,,
Westmoreland,42129,5: SW Pa.,40.3137798,-79.46615476,2021,Jan,"2,520",,,,
Wyoming,42131,2: NE Pa.,41.51955538,-76.01074915,2021,Jan,120,,,,
York,42133,3: SC Pa.,39.9210089,-76.73040131,2021,Jan,"3,211",,,,
